Model,Scenario,Region,Variable,Unit,1990,1995,2000,2005,2007,2008,2010,2011,2012,2013,2014,2015,2018,2020,2021,2022,2023,2024,2025,2030,2035,2040,2045,2050,2055,2060,2065,2070,2075,2080,2085,2090,2095,2100,2110,2130,2150,Country,Species
7see Mk5-20 GB,JPC to 0.8 of asymptote,GBR,Emissions|CO2|Energy|Demand,Mt CO2/yr,,,,,,,321.99397277832,,,,,307.740859985351,,309.829833984375,,,,,319.038116455078,331.080795288085,344.977493286132,0.0,0.0,0.0,,,,,,,,,,,,,,United Kingdom,CO2
7see Mk5-20 GB,JPC to 0.8 of asymptote,GBR,Emissions|CO2|Energy|Demand|Commercial,Mt CO2/yr,,,,,,,19.6447830200195,,,,,20.2319927215576,,22.6721630096435,,,,,25.8796253204345,29.2445564270019,32.6316833496093,0.0,0.0,0.0,,,,,,,,,,,,,,United Kingdom,CO2
7see Mk5-20 GB,JPC to 0.8 of asymptote,GBR,Emissions|CO2|Energy|Demand|Industry,Mt CO2/yr,,,,,,,80.9929571747779,,,,,84.178561091423,,81.9708715677261,,,,,82.9674676060676,84.4976559281349,86.3460694551467,0.0,0.0,0.0,,,,,,,,,,,,,,United Kingdom,CO2
7see Mk5-20 GB,JPC to 0.8 of asymptote,GBR,Emissions|CO2|Energy|Demand|Residential,Mt CO2/yr,,,,,,,78.4154205322265,,,,,63.8384323120117,,62.0097389221191,,,,,61.4966239929199,61.6098327636718,62.0169219970703,0.0,0.0,0.0,,,,,,,,,,,,,,United Kingdom,CO2
7see Mk5-20 GB,JPC to 0.8 of asymptote,GBR,Emissions|CO2|Energy|Demand|Residential and Commercial,Mt CO2/yr,,,,,,,98.0602035522461,,,,,84.0704250335693,,84.6819019317627,,,,,87.3762493133544,90.8543891906738,94.6486053466796,0.0,0.0,0.0,,,,,,,,,,,,,,United Kingdom,CO2
7see Mk5-20 GB,JPC to 0.8 of asymptote,GBR,Emissions|CO2|Energy|Demand|Transportation,Mt CO2/yr,,,,,,,131.407089233398,,,,,131.167160034179,,136.743881225585,,,,,143.785690307617,151.960464477539,161.023788452148,0.0,0.0,0.0,,,,,,,,,,,,,,United Kingdom,CO2
7see Mk5-20 GB,JPC to 0.8 of asymptote,GBR,Emissions|CO2|Energy|Demand|Transportation|Road,Mt CO2/yr,,,,,,,131.407089233398,,,,,131.167160034179,,136.743881225585,,,,,143.785690307617,151.960464477539,161.023788452148,0.0,0.0,0.0,,,,,,,,,,,,,,United Kingdom,CO2
7see Mk5-20 GB,JPC to 0.8 of asymptote,GBR,Emissions|CO2|Energy|Supply,Mt CO2/yr,,,,,,,151.109466552734,,,,,138.302337646484,,107.033302307128,,,,,77.5545272827148,80.9666213989257,88.5100936889648,0.0,0.0,0.0,,,,,,,,,,,,,,United Kingdom,CO2
7see Mk5-20 GB,JPC to asymp. with high population projection,GBR,Emissions|CO2|Energy|Demand,Mt CO2/yr,,,,,,,321.99397277832,,,,,307.687713623046,,309.173629760742,,,,,316.315048217773,325.914291381835,337.024490356445,0.0,0.0,0.0,,,,,,,,,,,,,,United Kingdom,CO2
7see Mk5-20 GB,JPC to asymp. with high population projection,GBR,Emissions|CO2|Energy|Demand|Commercial,Mt CO2/yr,,,,,,,19.6447830200195,,,,,20.2990188598632,,22.229356765747,,,,,24.2365856170654,26.100414276123,27.7524452209472,0.0,0.0,0.0,,,,,,,,,,,,,,United Kingdom,CO2
7see Mk5-20 GB,JPC to asymp. with high population projection,GBR,Emissions|CO2|Energy|Demand|Industry,Mt CO2/yr,,,,,,,80.9929571747779,,,,,84.0583799481391,,81.7574623823165,,,,,81.8874372243881,82.4753126204013,83.2722898721695,0.0,0.0,0.0,,,,,,,,,,,,,,United Kingdom,CO2
7see Mk5-20 GB,JPC to asymp. with high population projection,GBR,Emissions|CO2|Energy|Demand|Residential,Mt CO2/yr,,,,,,,78.4154205322265,,,,,63.8384323120117,,62.0097389221191,,,,,61.4966239929199,61.6098327636718,62.0169219970703,0.0,0.0,0.0,,,,,,,,,,,,,,United Kingdom,CO2
7see Mk5-20 GB,JPC to asymp. with high population projection,GBR,Emissions|CO2|Energy|Demand|Residential and Commercial,Mt CO2/yr,,,,,,,98.0602035522461,,,,,84.137451171875,,84.2390956878662,,,,,85.7332096099853,87.7102470397949,89.7693672180175,0.0,0.0,0.0,,,,,,,,,,,,,,United Kingdom,CO2
7see Mk5-20 GB,JPC to asymp. with high population projection,GBR,Emissions|CO2|Energy|Demand|Transportation,Mt CO2/yr,,,,,,,131.407089233398,,,,,131.167160034179,,136.743881225585,,,,,143.785690307617,151.960464477539,161.023788452148,0.0,0.0,0.0,,,,,,,,,,,,,,United Kingdom,CO2
7see Mk5-20 GB,JPC to asymp. with high population projection,GBR,Emissions|CO2|Energy|Demand|Transportation|Road,Mt CO2/yr,,,,,,,131.407089233398,,,,,131.167160034179,,136.743881225585,,,,,143.785690307617,151.960464477539,161.023788452148,0.0,0.0,0.0,,,,,,,,,,,,,,United Kingdom,CO2
7see Mk5-20 GB,JPC to asymp. with high population projection,GBR,Emissions|CO2|Energy|Supply,Mt CO2/yr,,,,,,,151.109466552734,,,,,137.3994140625,,106.198356628417,,,,,76.3281860351562,73.9633865356445,76.8776702880859,0.0,0.0,0.0,,,,,,,,,,,,,,United Kingdom,CO2
7see Mk5-20 GB,JPC to asymp. with low population projection,GBR,Emissions|CO2|Energy|Demand,Mt CO2/yr,,,,,,,321.99397277832,,,,,307.680740356445,,308.508193969726,,,,,314.919387817382,323.676712036132,333.582321166992,0.0,0.0,0.0,,,,,,,,,,,,,,United Kingdom,CO2
7see Mk5-20 GB,JPC to asymp. with low population projection,GBR,Emissions|CO2|Energy|Demand|Commercial,Mt CO2/yr,,,,,,,19.6447830200195,,,,,20.2907238006591,,21.8336906433105,,,,,23.4023857116699,24.7422542572021,25.6306438446044,0.0,0.0,0.0,,,,,,,,,,,,,,United Kingdom,CO2
7see Mk5-20 GB,JPC to asymp. with low population projection,GBR,Emissions|CO2|Energy|Demand|Industry,Mt CO2/yr,,,,,,,80.9929571747779,,,,,84.0597149431705,,81.4877179861068,,,,,81.3259912729263,81.5958913564682,81.951940357685,0.0,0.0,0.0,,,,,,,,,,,,,,United Kingdom,CO2
7see Mk5-20 GB,JPC to asymp. with low population projection,GBR,Emissions|CO2|Energy|Demand|Residential,Mt CO2/yr,,,,,,,78.4154205322265,,,,,63.8384323120117,,62.0097389221191,,,,,61.4966239929199,61.6098327636718,62.0169219970703,0.0,0.0,0.0,,,,,,,,,,,,,,United Kingdom,CO2
7see Mk5-20 GB,JPC to asymp. with low population projection,GBR,Emissions|CO2|Energy|Demand|Residential and Commercial,Mt CO2/yr,,,,,,,98.0602035522461,,,,,84.1291561126709,,83.8434295654296,,,,,84.8990097045898,86.352087020874,87.6475658416748,0.0,0.0,0.0,,,,,,,,,,,,,,United Kingdom,CO2
7see Mk5-20 GB,JPC to asymp. with low population projection,GBR,Emissions|CO2|Energy|Demand|Transportation,Mt CO2/yr,,,,,,,131.407089233398,,,,,131.167160034179,,136.743881225585,,,,,143.785690307617,151.960464477539,161.023788452148,0.0,0.0,0.0,,,,,,,,,,,,,,United Kingdom,CO2
7see Mk5-20 GB,JPC to asymp. with low population projection,GBR,Emissions|CO2|Energy|Demand|Transportation|Road,Mt CO2/yr,,,,,,,131.407089233398,,,,,131.167160034179,,136.743881225585,,,,,143.785690307617,151.960464477539,161.023788452148,0.0,0.0,0.0,,,,,,,,,,,,,,United Kingdom,CO2
7see Mk5-20 GB,JPC to asymp. with low population projection,GBR,Emissions|CO2|Energy|Supply,Mt CO2/yr,,,,,,,151.109466552734,,,,,137.399612426757,,105.1669921875,,,,,72.7933578491211,71.2451477050781,71.8439407348632,0.0,0.0,0.0,,,,,,,,,,,,,,United Kingdom,CO2
7see Mk5-20 GB,JPC to asymptote,GBR,Emissions|CO2|Energy|Demand,Mt CO2/yr,,,,,,,321.99397277832,,,,,307.678283691406,,308.842742919921,,,,,315.617523193359,324.79685974121,335.327774047851,0.0,0.0,0.0,,,,,,,,,,,,,,United Kingdom,CO2
7see Mk5-20 GB,JPC to asymptote,GBR,Emissions|CO2|Energy|Demand|Commercial,Mt CO2/yr,,,,,,,19.6447830200195,,,,,20.2905216217041,,22.0323276519775,,,,,23.8196449279785,25.4221744537353,26.7078208923339,0.0,0.0,0.0,,,,,,,,,,,,,,United Kingdom,CO2
7see Mk5-20 GB,JPC to asymptote,GBR,Emissions|CO2|Energy|Demand|Industry,Mt CO2/yr,,,,,,,80.9929571747779,,,,,84.0574380755424,,81.6236139535904,,,,,81.6068641841411,82.0360917448997,82.6202277839183,0.0,0.0,0.0,,,,,,,,,,,,,,United Kingdom,CO2
7see Mk5-20 GB,JPC to asymptote,GBR,Emissions|CO2|Energy|Demand|Residential,Mt CO2/yr,,,,,,,78.4154205322265,,,,,63.8384323120117,,62.0097389221191,,,,,61.4966239929199,61.6098327636718,62.0169219970703,0.0,0.0,0.0,,,,,,,,,,,,,,United Kingdom,CO2
7see Mk5-20 GB,JPC to asymptote,GBR,Emissions|CO2|Energy|Demand|Residential and Commercial,Mt CO2/yr,,,,,,,98.0602035522461,,,,,84.1289539337158,,84.0420665740966,,,,,85.3162689208984,87.0320072174072,88.7247428894043,0.0,0.0,0.0,,,,,,,,,,,,,,United Kingdom,CO2
7see Mk5-20 GB,JPC to asymptote,GBR,Emissions|CO2|Energy|Demand|Transportation,Mt CO2/yr,,,,,,,131.407089233398,,,,,131.167160034179,,136.743881225585,,,,,143.785690307617,151.960464477539,161.023788452148,0.0,0.0,0.0,,,,,,,,,,,,,,United Kingdom,CO2
7see Mk5-20 GB,JPC to asymptote,GBR,Emissions|CO2|Energy|Demand|Transportation|Road,Mt CO2/yr,,,,,,,131.407089233398,,,,,131.167160034179,,136.743881225585,,,,,143.785690307617,151.960464477539,161.023788452148,0.0,0.0,0.0,,,,,,,,,,,,,,United Kingdom,CO2
7see Mk5-20 GB,JPC to asymptote,GBR,Emissions|CO2|Energy|Supply,Mt CO2/yr,,,,,,,151.109466552734,,,,,137.397705078125,,105.666213989257,,,,,75.6592941284179,72.8824310302734,74.3971405029296,0.0,0.0,0.0,,,,,,,,,,,,,,United Kingdom,CO2
7see Mk5-30 GB,GB 5CB,GBR,Emissions|CO2|Energy|Demand,Mt CO2/yr,,,,,,,387.406524658203,,,,,357.025924682617,,345.346237182617,,,,,330.138290405273,316.765502929687,309.938659667968,0.0,0.0,0.0,,,,,,,,,,,,,,United Kingdom,CO2
7see Mk5-30 GB,GB 5CB,GBR,Emissions|CO2|Energy|Demand|Commercial,Mt CO2/yr,,,,,,,23.6609687805175,,,,,23.642011642456,,25.4164085388183,,,,,26.6753578186035,27.6590385437011,28.3866386413574,0.0,0.0,0.0,,,,,,,,,,,,,,United Kingdom,CO2
7see Mk5-30 GB,GB 5CB,GBR,Emissions|CO2|Energy|Demand|Industry,Mt CO2/yr,,,,,,,60.5088345408439,,,,,54.9102549552917,,53.928828716278,,,,,54.8394539356231,56.2610239982605,57.6928625106811,0.0,0.0,0.0,,,,,,,,,,,,,,United Kingdom,CO2
7see Mk5-30 GB,GB 5CB,GBR,Emissions|CO2|Energy|Demand|Residential,Mt CO2/yr,,,,,,,86.9713668823242,,,,,64.151496887207,,60.1066970825195,,,,,54.7952003479003,48.4606704711914,37.5702095031738,0.0,0.0,0.0,,,,,,,,,,,,,,United Kingdom,CO2
7see Mk5-30 GB,GB 5CB,GBR,Emissions|CO2|Energy|Demand|Residential and Commercial,Mt CO2/yr,,,,,,,110.632335662841,,,,,87.793508529663,,85.5231056213378,,,,,81.4705581665039,76.1197090148925,65.9568481445312,0.0,0.0,0.0,,,,,,,,,,,,,,United Kingdom,CO2
7see Mk5-30 GB,GB 5CB,GBR,Emissions|CO2|Energy|Demand|Transportation,Mt CO2/yr,,,,,,,201.782440185546,,,,,201.309143066406,,196.707717895507,,,,,186.177185058593,177.767883300781,180.344177246093,0.0,0.0,0.0,,,,,,,,,,,,,,United Kingdom,CO2
7see Mk5-30 GB,GB 5CB,GBR,Emissions|CO2|Energy|Demand|Transportation|Road,Mt CO2/yr,,,,,,,201.782440185546,,,,,201.309143066406,,196.707717895507,,,,,186.177185058593,177.767883300781,180.344177246093,0.0,0.0,0.0,,,,,,,,,,,,,,United Kingdom,CO2
7see Mk5-30 GB,GB 5CB,GBR,Emissions|CO2|Energy|Supply,Mt CO2/yr,,,,,,,157.173416137695,,,,,118.525421142578,,105.114983558654,,,,,77.3124361038208,52.4061489105224,35.856367111206,0.0,0.0,0.0,,,,,,,,,,,,,,United Kingdom,CO2
7see Mk5-30 GB,GB BAU1a,GBR,Emissions|CO2|Energy|Demand,Mt CO2/yr,,,,,,,387.383987426757,,,,,357.073028564453,,360.724349975585,,,,,371.796890258789,386.606567382812,403.757202148437,0.0,0.0,0.0,,,,,,,,,,,,,,United Kingdom,CO2
7see Mk5-30 GB,GB BAU1a,GBR,Emissions|CO2|Energy|Demand|Commercial,Mt CO2/yr,,,,,,,23.65966796875,,,,,23.6478462219238,,25.8622531890869,,,,,28.0658912658691,30.0660037994384,31.7982845306396,0.0,0.0,0.0,,,,,,,,,,,,,,United Kingdom,CO2
7see Mk5-30 GB,GB BAU1a,GBR,Emissions|CO2|Energy|Demand|Industry,Mt CO2/yr,,,,,,,60.5079778134822,,,,,54.9154181480407,,54.0022807121276,,,,,54.8231875896453,56.0988472700119,57.5032013654708,0.0,0.0,0.0,,,,,,,,,,,,,,United Kingdom,CO2
7see Mk5-30 GB,GB BAU1a,GBR,Emissions|CO2|Energy|Demand|Residential,Mt CO2/yr,,,,,,,86.9509658813476,,,,,64.1875839233398,,61.8074722290039,,,,,60.5863761901855,60.6115188598632,61.3913612365722,0.0,0.0,0.0,,,,,,,,,,,,,,United Kingdom,CO2
7see Mk5-30 GB,GB BAU1a,GBR,Emissions|CO2|Energy|Demand|Residential and Commercial,Mt CO2/yr,,,,,,,110.610633850097,,,,,87.8354301452636,,87.6697254180908,,,,,88.6522674560546,90.6775226593017,93.1896457672119,0.0,0.0,0.0,,,,,,,,,,,,,,United Kingdom,CO2
7see Mk5-30 GB,GB BAU1a,GBR,Emissions|CO2|Energy|Demand|Transportation,Mt CO2/yr,,,,,,,201.782440185546,,,,,201.309143066406,,209.865753173828,,,,,220.670349121093,233.213317871093,247.119598388671,0.0,0.0,0.0,,,,,,,,,,,,,,United Kingdom,CO2
7see Mk5-30 GB,GB BAU1a,GBR,Emissions|CO2|Energy|Demand|Transportation|Road,Mt CO2/yr,,,,,,,201.782440185546,,,,,201.309143066406,,209.865753173828,,,,,220.670349121093,233.213317871093,247.119598388671,0.0,0.0,0.0,,,,,,,,,,,,,,United Kingdom,CO2
7see Mk5-30 GB,GB BAU1a,GBR,Emissions|CO2|Energy|Supply,Mt CO2/yr,,,,,,,157.165405273437,,,,,118.558212280273,,111.188934326171,,,,,95.1474304199218,84.3979187011718,77.2833633422851,0.0,0.0,0.0,,,,,,,,,,,,,,United Kingdom,CO2
7see Mk5-30 GB,GB FNNB,GBR,Emissions|CO2|Energy|Demand,Mt CO2/yr,,,,,,,387.406524658203,,,,,357.025924682617,,346.892608642578,,,,,334.855285644531,325.746215820312,320.31282043457,0.0,0.0,0.0,,,,,,,,,,,,,,United Kingdom,CO2
7see Mk5-30 GB,GB FNNB,GBR,Emissions|CO2|Energy|Demand|Commercial,Mt CO2/yr,,,,,,,23.6609687805175,,,,,23.642011642456,,25.4229431152343,,,,,26.6299476623535,27.7248172760009,28.4417648315429,0.0,0.0,0.0,,,,,,,,,,,,,,United Kingdom,CO2
7see Mk5-30 GB,GB FNNB,GBR,Emissions|CO2|Energy|Demand|Industry,Mt CO2/yr,,,,,,,60.5088345408439,,,,,54.9102549552917,,53.9261219501495,,,,,54.8619447946548,56.2310874462127,57.6626267433166,0.0,0.0,0.0,,,,,,,,,,,,,,United Kingdom,CO2
7see Mk5-30 GB,GB FNNB,GBR,Emissions|CO2|Energy|Demand|Residential,Mt CO2/yr,,,,,,,86.9713668823242,,,,,64.151496887207,,60.1066970825195,,,,,54.7952003479003,48.4606704711914,37.5702095031738,0.0,0.0,0.0,,,,,,,,,,,,,,United Kingdom,CO2
7see Mk5-30 GB,GB FNNB,GBR,Emissions|CO2|Energy|Demand|Residential and Commercial,Mt CO2/yr,,,,,,,110.632335662841,,,,,87.793508529663,,85.5296401977539,,,,,81.4251480102539,76.1854877471923,66.0119743347168,0.0,0.0,0.0,,,,,,,,,,,,,,United Kingdom,CO2
7see Mk5-30 GB,GB FNNB,GBR,Emissions|CO2|Energy|Demand|Transportation,Mt CO2/yr,,,,,,,201.782440185546,,,,,201.309143066406,,198.250274658203,,,,,190.917098999023,186.712768554687,190.693435668945,0.0,0.0,0.0,,,,,,,,,,,,,,United Kingdom,CO2
7see Mk5-30 GB,GB FNNB,GBR,Emissions|CO2|Energy|Demand|Transportation|Road,Mt CO2/yr,,,,,,,201.782440185546,,,,,201.309143066406,,198.250274658203,,,,,190.917098999023,186.712768554687,190.693435668945,0.0,0.0,0.0,,,,,,,,,,,,,,United Kingdom,CO2
7see Mk5-30 GB,GB FNNB,GBR,Emissions|CO2|Energy|Supply,Mt CO2/yr,,,,,,,157.173416137695,,,,,118.525421142578,,107.609924316406,,,,,83.0582046508789,47.1723937988281,23.5574378967285,0.0,0.0,0.0,,,,,,,,,,,,,,United Kingdom,CO2
7see Mk5-30 GB,GB FOfW,GBR,Emissions|CO2|Energy|Demand,Mt CO2/yr,,,,,,,387.406524658203,,,,,357.025924682617,,345.355773925781,,,,,330.135833740234,316.807876586914,309.869583129882,0.0,0.0,0.0,,,,,,,,,,,,,,United Kingdom,CO2
7see Mk5-30 GB,GB FOfW,GBR,Emissions|CO2|Energy|Demand|Commercial,Mt CO2/yr,,,,,,,23.6609687805175,,,,,23.642011642456,,25.4263954162597,,,,,26.6538162231445,27.7186679840087,28.3512802124023,0.0,0.0,0.0,,,,,,,,,,,,,,United Kingdom,CO2
7see Mk5-30 GB,GB FOfW,GBR,Emissions|CO2|Energy|Demand|Industry,Mt CO2/yr,,,,,,,60.5088345408439,,,,,54.9102549552917,,53.9283794164657,,,,,54.8585395812988,56.2437753677368,57.6591320037841,0.0,0.0,0.0,,,,,,,,,,,,,,United Kingdom,CO2
7see Mk5-30 GB,GB FOfW,GBR,Emissions|CO2|Energy|Demand|Residential,Mt CO2/yr,,,,,,,86.9713668823242,,,,,64.151496887207,,60.1066970825195,,,,,54.7952003479003,48.4606704711914,37.5702095031738,0.0,0.0,0.0,,,,,,,,,,,,,,United Kingdom,CO2
7see Mk5-30 GB,GB FOfW,GBR,Emissions|CO2|Energy|Demand|Residential and Commercial,Mt CO2/yr,,,,,,,110.632335662841,,,,,87.793508529663,,85.5330924987793,,,,,81.4490165710449,76.1793384552002,65.9214897155761,0.0,0.0,0.0,,,,,,,,,,,,,,United Kingdom,CO2
7see Mk5-30 GB,GB FOfW,GBR,Emissions|CO2|Energy|Demand|Transportation,Mt CO2/yr,,,,,,,201.782440185546,,,,,201.309143066406,,196.707717895507,,,,,186.177185058593,177.767883300781,180.344177246093,0.0,0.0,0.0,,,,,,,,,,,,,,United Kingdom,CO2
7see Mk5-30 GB,GB FOfW,GBR,Emissions|CO2|Energy|Demand|Transportation|Road,Mt CO2/yr,,,,,,,201.782440185546,,,,,201.309143066406,,196.707717895507,,,,,186.177185058593,177.767883300781,180.344177246093,0.0,0.0,0.0,,,,,,,,,,,,,,United Kingdom,CO2
7see Mk5-30 GB,GB FOfW,GBR,Emissions|CO2|Energy|Supply,Mt CO2/yr,,,,,,,157.173416137695,,,,,118.525421142578,,102.052597045898,,,,,71.2305908203125,29.8924846649169,22.0450592041015,0.0,0.0,0.0,,,,,,,,,,,,,,United Kingdom,CO2
7see Mk6-10 GB,WAM-fast,GBR,Emissions|CO2|Energy|Demand,Mt CO2/yr,,,,,,,345.347396850585,,,,,312.205841064453,,311.573425292968,,,,,289.225708007812,260.981452941894,242.618576049804,230.729141235351,215.565002441406,200.870491027832,,,,,,,,,,,,,,United Kingdom,CO2
7see Mk6-10 GB,WAM-fast,GBR,Emissions|CO2|Energy|Demand|Commercial,Mt CO2/yr,,,,,,,22.0530490875244,,,,,22.4734001159668,,23.9819679260253,,,,,16.9291667938232,5.92738914489746,4.41817331314086,4.52779006958007,4.69435691833496,4.82955598831176,,,,,,,,,,,,,,United Kingdom,CO2
7see Mk6-10 GB,WAM-fast,GBR,Emissions|CO2|Energy|Demand|Industry,Mt CO2/yr,,,,,,,62.1227896809577,,,,,54.9615678787231,,52.5018239021301,,,,,34.180269241333,10.9950296878814,5.39200174808502,3.73959517478942,2.59696316719055,1.77132940292358,,,,,,,,,,,,,,United Kingdom,CO2
7see Mk6-10 GB,WAM-fast,GBR,Emissions|CO2|Energy|Demand|Residential,Mt CO2/yr,,,,,,,82.4363250732421,,,,,60.364818572998,,55.8734321594238,,,,,50.407356262207,43.1742515563964,29.6439495086669,19.1843681335449,4.98764657974243,-9.01969051361084,,,,,,,,,,,,,,United Kingdom,CO2
7see Mk6-10 GB,WAM-fast,GBR,Emissions|CO2|Energy|Demand|Residential and Commercial,Mt CO2/yr,,,,,,,104.489374160766,,,,,82.8382186889648,,79.8554000854492,,,,,67.3365230560302,49.1016407012939,34.0621228218078,23.712158203125,9.68200349807739,-4.19013452529907,,,,,,,,,,,,,,United Kingdom,CO2
7see Mk6-10 GB,WAM-fast,GBR,Emissions|CO2|Energy|Demand|Transportation,Mt CO2/yr,,,,,,,123.714111328125,,,,,120.487854003906,,124.53091430664,,,,,124.256515502929,123.683410644531,123.632568359375,123.618301391601,123.607482910156,123.597854614257,,,,,,,,,,,,,,United Kingdom,CO2
7see Mk6-10 GB,WAM-fast,GBR,Emissions|CO2|Energy|Demand|Transportation|Road,Mt CO2/yr,,,,,,,164.549057006835,,,,,161.697814941406,,166.661697387695,,,,,166.661697387695,166.661697387695,166.661697387695,166.661697387695,166.661697387695,166.661697387695,,,,,,,,,,,,,,United Kingdom,CO2
7see Mk6-10 GB,WAM-fast,GBR,Emissions|CO2|Energy|Supply,Mt CO2/yr,,,,,,,185.414916992187,,,,,119.769439697265,,47.440449476242,,,,,36.9167766571044,41.7997856140136,44.0900764465332,44.2146654129028,44.219123840332,44.2192401885986,,,,,,,,,,,,,,United Kingdom,CO2
7see Mk6-10 GB,WAM-slow,GBR,Emissions|CO2|Energy|Demand,Mt CO2/yr,,,,,,,345.347396850585,,,,,312.205841064453,,311.573425292968,,,,,296.035079956054,280.520469665527,259.329406738281,241.279861450195,219.41079711914,200.858245849609,,,,,,,,,,,,,,United Kingdom,CO2
7see Mk6-10 GB,WAM-slow,GBR,Emissions|CO2|Energy|Demand|Commercial,Mt CO2/yr,,,,,,,22.0530490875244,,,,,22.4734001159668,,23.9819679260253,,,,,21.4754238128662,18.5694847106933,15.1506462097167,11.2581386566162,7.10063362121582,4.81383895874023,,,,,,,,,,,,,,United Kingdom,CO2
7see Mk6-10 GB,WAM-slow,GBR,Emissions|CO2|Energy|Demand|Industry,Mt CO2/yr,,,,,,,62.1227896809577,,,,,54.9615678787231,,52.5018239021301,,,,,40.9004455804824,31.4754281044006,23.1015267372131,15.005643248558,6.76568233966827,1.77481734752655,,,,,,,,,,,,,,United Kingdom,CO2
7see Mk6-10 GB,WAM-slow,GBR,Emissions|CO2|Energy|Demand|Residential,Mt CO2/yr,,,,,,,82.4363250732421,,,,,60.364818572998,,55.8734321594238,,,,,50.407356262207,43.1742515563964,29.6439495086669,19.1843681335449,4.98764657974243,-9.01969051361084,,,,,,,,,,,,,,United Kingdom,CO2
7see Mk6-10 GB,WAM-slow,GBR,Emissions|CO2|Energy|Demand|Residential and Commercial,Mt CO2/yr,,,,,,,104.489374160766,,,,,82.8382186889648,,79.8554000854492,,,,,71.8827800750732,61.7437362670898,44.7945957183837,30.4425067901611,12.0882802009582,-4.2058515548706,,,,,,,,,,,,,,United Kingdom,CO2
7see Mk6-10 GB,WAM-slow,GBR,Emissions|CO2|Energy|Demand|Transportation,Mt CO2/yr,,,,,,,123.714111328125,,,,,120.487854003906,,124.53091430664,,,,,124.25764465332,123.698684692382,123.63621520996,123.621536254882,123.61018371582,123.599990844726,,,,,,,,,,,,,,United Kingdom,CO2
7see Mk6-10 GB,WAM-slow,GBR,Emissions|CO2|Energy|Demand|Transportation|Road,Mt CO2/yr,,,,,,,164.549057006835,,,,,161.697814941406,,166.661697387695,,,,,166.661697387695,166.661697387695,166.661697387695,166.661697387695,166.661697387695,166.661697387695,,,,,,,,,,,,,,United Kingdom,CO2
7see Mk6-10 GB,WAM-slow,GBR,Emissions|CO2|Energy|Supply,Mt CO2/yr,,,,,,,185.414916992187,,,,,119.769439697265,,47.440449476242,,,,,31.7154636383056,26.3329143524169,30.3374805450439,35.5279827117919,41.1078224182128,44.3341417312622,,,,,,,,,,,,,,United Kingdom,CO2
7see Mk6-10 GB,WEM,GBR,Emissions|CO2|Energy|Demand,Mt CO2/yr,,,,,,,345.347396850585,,,,,312.205841064453,,311.572006225585,,,,,301.582717895507,291.20108795166,276.556823730468,265.721160888671,251.306915283203,237.229362487792,,,,,,,,,,,,,,United Kingdom,CO2
7see Mk6-10 GB,WEM,GBR,Emissions|CO2|Energy|Demand|Commercial,Mt CO2/yr,,,,,,,22.0530490875244,,,,,22.4734001159668,,23.9727401733398,,,,,24.9190254211425,25.1081619262695,26.1442642211914,27.2482318878173,28.1437168121337,28.8638000488281,,,,,,,,,,,,,,United Kingdom,CO2
7see Mk6-10 GB,WEM,GBR,Emissions|CO2|Energy|Demand|Industry,Mt CO2/yr,,,,,,,62.1227896809577,,,,,54.9615678787231,,52.5096403360366,,,,,47.0122772455215,43.6566141843795,41.4948817491531,40.0072882175445,38.8894256353378,38.0959575176239,,,,,,,,,,,,,,United Kingdom,CO2
7see Mk6-10 GB,WEM,GBR,Emissions|CO2|Energy|Demand|Residential,Mt CO2/yr,,,,,,,82.4363250732421,,,,,60.364818572998,,55.8734321594238,,,,,50.407356262207,43.1742515563964,29.6439495086669,19.1843681335449,4.98764657974243,-9.01969051361084,,,,,,,,,,,,,,United Kingdom,CO2
7see Mk6-10 GB,WEM,GBR,Emissions|CO2|Energy|Demand|Residential and Commercial,Mt CO2/yr,,,,,,,104.489374160766,,,,,82.8382186889648,,79.8461723327636,,,,,75.3263816833496,68.282413482666,55.7882137298584,46.4326000213623,33.1313633918762,19.8441095352172,,,,,,,,,,,,,,United Kingdom,CO2
7see Mk6-10 GB,WEM,GBR,Emissions|CO2|Energy|Demand|Transportation,Mt CO2/yr,,,,,,,123.714111328125,,,,,120.487854003906,,124.530609130859,,,,,124.259963989257,123.704467773437,123.632217407226,123.618255615234,123.607498168945,123.597930908203,,,,,,,,,,,,,,United Kingdom,CO2
7see Mk6-10 GB,WEM,GBR,Emissions|CO2|Energy|Demand|Transportation|Road,Mt CO2/yr,,,,,,,164.549057006835,,,,,161.697814941406,,166.661697387695,,,,,166.661697387695,166.661697387695,166.661697387695,166.661697387695,166.661697387695,166.661697387695,,,,,,,,,,,,,,United Kingdom,CO2
7see Mk6-10 GB,WEM,GBR,Emissions|CO2|Energy|Supply,Mt CO2/yr,,,,,,,185.414916992187,,,,,119.769439697265,,47.4182615280151,,,,,27.1023969650268,17.0541276931762,15.7793197631835,15.7793197631835,15.7793197631835,15.7793197631835,,,,,,,,,,,,,,United Kingdom,CO2
ALADIN 1.0,Baseline,GBR,Emissions|CO2|Energy|Demand|Transportation,Mt CO2/yr,,,,,,,,,,,,,146.79557120982,142.526464122906,,,,,131.037245687564,113.08676192726,78.336290784254,48.3865405889025,31.0288955058627,22.9498071939143,,,,,,,,,,,,,,United Kingdom,CO2
ALADIN 1.0,Baseline,GBR,Emissions|CO2|Energy|Demand|Transportation|Aviation,Mt CO2/yr,,,,,,,,,,,,,38.40326588,37.56759625998,,,,,37.553319513992,37.5143676885119,33.7981771193976,30.1661359152298,26.0840186327527,22.1961852623665,,,,,,,,,,,,,,United Kingdom,CO2
ALADIN 1.0,Baseline,GBR,Emissions|CO2|Energy|Demand|Transportation|Maritime,Mt CO2/yr,,,,,,,,,,,,,0.581723186078258,0.567180106426301,,,,,0.557484719991664,0.547789333557026,0.497736901088209,0.449138776584588,0.401994960046163,0.356305451472933,,,,,,,,,,,,,,United Kingdom,CO2
ALADIN 1.0,Baseline,GBR,Emissions|CO2|Energy|Demand|Transportation|Rail,Mt CO2/yr,,,,,,,,,,,,,2.48322171842914,2.48322171842914,,,,,2.31663090358035,2.10501616755863,1.7631967681765,1.43303540833311,1.12134740033693,0.845934039022932,,,,,,,,,,,,,,United Kingdom,CO2
ALADIN 1.0,Baseline,GBR,Emissions|CO2|Energy|Demand|Transportation|Road,Mt CO2/yr,,,,,,,,,,,,,105.327360425313,101.90846603807,,,,,93.3397531684914,77.6315371512684,47.1731981696075,20.3704422044968,6.65371112792092,2.42010834029122,,,,,,,,,,,,,,United Kingdom,CO2
ALADIN 1.0,Baseline,GBR,Emissions|CO2|Energy|Demand|Transportation|Road|Freight,Mt CO2/yr,,,,,,,,,,,,,16.9967559400263,16.8519808916464,,,,,15.9181303194927,14.4122625804535,9.10039118349213,4.88785557389031,2.95192592292182,1.99807438199678,,,,,,,,,,,,,,United Kingdom,CO2
ALADIN 1.0,Baseline,GBR,Emissions|CO2|Energy|Demand|Transportation|Road|Passenger,Mt CO2/yr,,,,,,,,,,,,,88.3306044852866,85.0564851464243,,,,,75.5167299271926,60.1140130847641,35.2979129761385,13.9156295379529,3.07407660802542,0.153133031595412,,,,,,,,,,,,,,United Kingdom,CO2
ALADIN 1.0,PR_WWH_Electro100,GBR,Emissions|CO2|Energy|Demand|Transportation,Mt CO2/yr,,,,,,,,,,,,,146.79557120982,142.305419278427,,,,,127.31868069575,100.412810176648,66.726974149157,34.5562467448943,13.6257453117322,0.0,,,,,,,,,,,,,,United Kingdom,CO2
ALADIN 1.0,PR_WWH_Electro100,GBR,Emissions|CO2|Energy|Demand|Transportation|Aviation,Mt CO2/yr,,,,,,,,,,,,,38.40326588,37.56759625998,,,,,36.9112865845142,36.1978775575186,32.2658010314502,20.3267527987737,9.34593382022741,0.0,,,,,,,,,,,,,,United Kingdom,CO2
ALADIN 1.0,PR_WWH_Electro100,GBR,Emissions|CO2|Energy|Demand|Transportation|Maritime,Mt CO2/yr,,,,,,,,,,,,,0.581723186078258,0.567180106426301,,,,,0.540517793731048,0.513855481035794,0.456743595319257,0.287831784778304,0.135583919671885,0.0,,,,,,,,,,,,,,United Kingdom,CO2
ALADIN 1.0,PR_WWH_Electro100,GBR,Emissions|CO2|Energy|Demand|Transportation|Rail,Mt CO2/yr,,,,,,,,,,,,,2.48322171842914,2.48322171842914,,,,,1.83387025289136,1.24130255116104,0.705462901665109,0.248384145661415,0.0537163382098735,0.0,,,,,,,,,,,,,,United Kingdom,CO2
ALADIN 1.0,PR_WWH_Electro100,GBR,Emissions|CO2|Energy|Demand|Transportation|Road,Mt CO2/yr,,,,,,,,,,,,,105.327360425313,101.687421193592,,,,,88.033006064614,62.4597745869334,33.2989666207224,13.6932780156808,4.09051123362307,0.0,,,,,,,,,,,,,,United Kingdom,CO2
ALADIN 1.0,PR_WWH_Electro100,GBR,Emissions|CO2|Energy|Demand|Transportation|Road|Freight,Mt CO2/yr,,,,,,,,,,,,,16.9967559400263,16.8512854672531,,,,,16.2478776068821,14.890509956711,9.29546264761934,3.32387996451665,1.01359247682991,0.0,,,,,,,,,,,,,,United Kingdom,CO2
ALADIN 1.0,PR_WWH_Electro100,GBR,Emissions|CO2|Energy|Demand|Transportation|Road|Passenger,Mt CO2/yr,,,,,,,,,,,,,88.3306044852866,84.8361357263391,,,,,71.7851284577319,47.5692646302223,24.003503973103,10.3693980511642,3.07691875679316,0.0,,,,,,,,,,,,,,United Kingdom,CO2
ALADIN 1.0,PR_WWH_Hydrogen100,GBR,Emissions|CO2|Energy|Demand|Transportation,Mt CO2/yr,,,,,,,,,,,,,146.79557120982,142.191868258159,,,,,132.343679321405,114.918469215421,86.25228636992,48.8587367277421,17.8895599399483,1.18127729820116e-16,,,,,,,,,,,,,,United Kingdom,CO2
ALADIN 1.0,PR_WWH_Hydrogen100,GBR,Emissions|CO2|Energy|Demand|Transportation|Aviation,Mt CO2/yr,,,,,,,,,,,,,38.40326588,37.56759625998,,,,,36.9112865845142,36.1978775575186,32.2658010314502,20.3267527987737,9.34593382022741,0.0,,,,,,,,,,,,,,United Kingdom,CO2
ALADIN 1.0,PR_WWH_Hydrogen100,GBR,Emissions|CO2|Energy|Demand|Transportation|Maritime,Mt CO2/yr,,,,,,,,,,,,,0.581723186078258,0.567180106426301,,,,,0.557484719991664,0.547789333557026,0.504463075427239,0.330249100429844,0.162094741954098,0.0,,,,,,,,,,,,,,United Kingdom,CO2
ALADIN 1.0,PR_WWH_Hydrogen100,GBR,Emissions|CO2|Energy|Demand|Transportation|Rail,Mt CO2/yr,,,,,,,,,,,,,2.48322171842914,2.48322171842914,,,,,2.31663090358035,2.10501616755863,1.73999681070049,0.995163478009108,0.412260073653286,1.18127729820116e-16,,,,,,,,,,,,,,United Kingdom,CO2
ALADIN 1.0,PR_WWH_Hydrogen100,GBR,Emissions|CO2|Energy|Demand|Transportation|Road,Mt CO2/yr,,,,,,,,,,,,,105.327360425313,101.573870173323,,,,,92.5582771133189,76.0677861567872,51.742025452342,27.2065713505294,7.96927130411353,0.0,,,,,,,,,,,,,,United Kingdom,CO2
ALADIN 1.0,PR_WWH_Hydrogen100,GBR,Emissions|CO2|Energy|Demand|Transportation|Road|Freight,Mt CO2/yr,,,,,,,,,,,,,16.9967559400263,16.5252537892749,,,,,15.8755385985888,14.3951584815986,10.3725064435517,6.23710852674037,1.07621332714027,0.0,,,,,,,,,,,,,,United Kingdom,CO2
ALADIN 1.0,PR_WWH_Hydrogen100,GBR,Emissions|CO2|Energy|Demand|Transportation|Road|Passenger,Mt CO2/yr,,,,,,,,,,,,,88.3306044852866,85.0486163840489,,,,,76.6827385147301,61.6726276751886,41.3695190087902,20.9694628237891,6.89305797697325,0.0,,,,,,,,,,,,,,United Kingdom,CO2
ECCABS 2.0,BAU-T,GBR,Emissions|CO2|Energy|Demand|Residential and Commercial|Commercial,Mt CO2/yr,,,,,,,29.27893,,,,,27.948251875,,26.61757375,,,,,25.286895625,23.9562175,22.625539375,21.29486125,19.964183125,18.633505,,,,,,,,,,,,,,United Kingdom,CO2
ECCABS 2.0,BAU-T,GBR,Emissions|CO2|Energy|Demand|Residential and Commercial|Residential,Mt CO2/yr,,,,,,,222.89863,,,,,207.215441102271,,191.532252204543,,,,,175.849063306814,160.165874409086,144.482685511358,128.799496613629,113.116307715901,97.433118818173,,,,,,,,,,,,,,United Kingdom,CO2
ECCABS 2.0,BAU-TE,GBR,Emissions|CO2|Energy|Demand|Residential and Commercial|Commercial,Mt CO2/yr,,,,,,,29.27893,,,,,28.727804125,,28.17667825,,,,,27.625552375,27.0744265,26.523300625,25.97217475,25.421048875,24.869923,,,,,,,,,,,,,,United Kingdom,CO2
ECCABS 2.0,BAU-TE,GBR,Emissions|CO2|Energy|Demand|Residential and Commercial|Residential,Mt CO2/yr,,,,,,,222.89863,,,,,213.06274925,,203.2268685,,,,,193.39098775,183.555107,173.719226249999,163.883345499999,154.047464749999,144.211583999999,,,,,,,,,,,,,,United Kingdom,CO2
GENeSYS-MOD 2.9,Directed Transition 1.0,GBR,Emissions|CO2|Energy|Demand,Mt CO2/yr,,,,,,,,,,,,343.604296073193,,308.05797630341,,,,,154.089267703352,70.315600674788,7.49011831552978,0.517668317761909,0.365208398904345,0.187659507365055,,,,,,,,,,,,,,United Kingdom,CO2
GENeSYS-MOD 2.9,Directed Transition 1.0,GBR,Emissions|CO2|Energy|Demand|Industry,Mt CO2/yr,,,,,,,,,,,,120.710203198907,,101.001952139398,,,,,15.5672341492824,3.66117416866719,0.481882473990527,0.517668317761909,0.365208398904345,0.187659507365055,,,,,,,,,,,,,,United Kingdom,CO2
GENeSYS-MOD 2.9,Directed Transition 1.0,GBR,Emissions|CO2|Energy|Demand|Residential and Commercial,Mt CO2/yr,,,,,,,,,,,,92.1719894657255,,86.1936518557145,,,,,56.400919784838,19.4758092275786,3.62519775392492,,,,,,,,,,,,,,,,,United Kingdom,CO2
GENeSYS-MOD 2.9,Directed Transition 1.0,GBR,Emissions|CO2|Energy|Demand|Transportation,Mt CO2/yr,,,,,,,,,,,,130.72210340856,,120.862372308297,,,,,82.1211137692321,47.1786172785421,3.38303808761433,,,,,,,,,,,,,,,,,United Kingdom,CO2
GENeSYS-MOD 2.9,Directed Transition 1.0,GBR,Emissions|CO2|Energy|Demand|Transportation|Aviation,Mt CO2/yr,,,,,,,,,,,,3.99045240265863,,3.81295108778272,,,,,3.08963794413238,,,,,,,,,,,,,,,,,,,United Kingdom,CO2
GENeSYS-MOD 2.9,Directed Transition 1.0,GBR,Emissions|CO2|Energy|Demand|Transportation|Aviation|Passenger,Mt CO2/yr,,,,,,,,,,,,3.99045240265863,,3.81295108778272,,,,,3.08963794413238,,,,,,,,,,,,,,,,,,,United Kingdom,CO2
GENeSYS-MOD 2.9,Directed Transition 1.0,GBR,Emissions|CO2|Energy|Demand|Transportation|Maritime,Mt CO2/yr,,,,,,,,,,,,0.551639417106957,,0.487246515179517,,,,,0.450487813701603,0.441933044886116,,,,,,,,,,,,,,,,,,United Kingdom,CO2
GENeSYS-MOD 2.9,Directed Transition 1.0,GBR,Emissions|CO2|Energy|Demand|Transportation|Maritime|Freight,Mt CO2/yr,,,,,,,,,,,,0.551639417106957,,0.487246515179517,,,,,0.450487813701603,0.441933044886116,,,,,,,,,,,,,,,,,,United Kingdom,CO2
GENeSYS-MOD 2.9,Directed Transition 1.0,GBR,Emissions|CO2|Energy|Demand|Transportation|Rail,Mt CO2/yr,,,,,,,,,,,,1.81200164522218,,1.37699102696547,,,,,,,,,,,,,,,,,,,,,,,,United Kingdom,CO2
GENeSYS-MOD 2.9,Directed Transition 1.0,GBR,Emissions|CO2|Energy|Demand|Transportation|Rail|Freight,Mt CO2/yr,,,,,,,,,,,,0.511001622757268,,0.416019931518139,,,,,,,,,,,,,,,,,,,,,,,,United Kingdom,CO2
GENeSYS-MOD 2.9,Directed Transition 1.0,GBR,Emissions|CO2|Energy|Demand|Transportation|Rail|Passenger,Mt CO2/yr,,,,,,,,,,,,1.30100002246491,,0.960971095447339,,,,,,,,,,,,,,,,,,,,,,,,United Kingdom,CO2
GENeSYS-MOD 2.9,Directed Transition 1.0,GBR,Emissions|CO2|Energy|Demand|Transportation|Road,Mt CO2/yr,,,,,,,,,,,,124.368009943572,,115.185183678369,,,,,78.5809880113981,46.736684233656,3.38303808761433,,,,,,,,,,,,,,,,,United Kingdom,CO2
GENeSYS-MOD 2.9,Directed Transition 1.0,GBR,Emissions|CO2|Energy|Demand|Transportation|Road|Freight,Mt CO2/yr,,,,,,,,,,,,46.3322566247703,,48.3168071352588,,,,,36.1929868119629,22.68793977342,1.80007272022327,,,,,,,,,,,,,,,,,United Kingdom,CO2
GENeSYS-MOD 2.9,Directed Transition 1.0,GBR,Emissions|CO2|Energy|Demand|Transportation|Road|Passenger,Mt CO2/yr,,,,,,,,,,,,78.0357533188019,,66.8683765431107,,,,,42.3880011994352,24.0487444602359,1.58296536739105,,,,,,,,,,,,,,,,,United Kingdom,CO2
GENeSYS-MOD 2.9,Directed Transition 1.0,GBR,Emissions|CO2|Energy|Supply,Mt CO2/yr,,,,,,,,,,,,114.471608022316,,95.3230086991584,,,,,33.9901023985324,1.08999310998986,0.324943763512638,0.0968782549872353,0.0610157841292997,-20.5823204264011,,,,,,,,,,,,,,United Kingdom,CO2
GENeSYS-MOD 2.9,Directed Transition 1.0,GBR,Emissions|CO2|Energy|Supply|Electricity,Mt CO2/yr,,,,,,,,,,,,114.471608022316,,95.3230086991584,,,,,33.9901023985324,1.08999310998986,0.324943763512638,0.0968782549872353,0.0610157841292997,-20.5823204264011,,,,,,,,,,,,,,United Kingdom,CO2
GENeSYS-MOD 2.9,Gradual Development 1.0,GBR,Emissions|CO2|Energy|Demand,Mt CO2/yr,,,,,,,,,,,,343.604296073193,,304.61838214585,,,,,231.037150104728,150.877934497289,96.905042657457,45.6329550636597,9.72919039576729,1.81428124943369,,,,,,,,,,,,,,United Kingdom,CO2
GENeSYS-MOD 2.9,Gradual Development 1.0,GBR,Emissions|CO2|Energy|Demand|Industry,Mt CO2/yr,,,,,,,,,,,,120.710203198907,,102.321151899465,,,,,80.1199493393137,55.6282494686963,41.6704573416067,22.4940776696716,4.59001640468893,0.415282385489467,,,,,,,,,,,,,,United Kingdom,CO2
GENeSYS-MOD 2.9,Gradual Development 1.0,GBR,Emissions|CO2|Energy|Demand|Residential and Commercial,Mt CO2/yr,,,,,,,,,,,,92.1719894657254,,85.1642388172441,,,,,60.6055250566451,27.3867312642934,17.7728655726895,9.62933453928171,3.00713734846787,1.39899886394423,,,,,,,,,,,,,,United Kingdom,CO2
GENeSYS-MOD 2.9,Gradual Development 1.0,GBR,Emissions|CO2|Energy|Demand|Transportation,Mt CO2/yr,,,,,,,,,,,,130.72210340856,,117.13299142914,,,,,90.3116757087697,67.8629537642996,37.4617197431606,13.5095428547063,2.13203664261048,,,,,,,,,,,,,,,United Kingdom,CO2
GENeSYS-MOD 2.9,Gradual Development 1.0,GBR,Emissions|CO2|Energy|Demand|Transportation|Aviation,Mt CO2/yr,,,,,,,,,,,,3.99045240265863,,3.89076641610481,,,,,3.15456733964518,2.99863919156311,,,,,,,,,,,,,,,,,,United Kingdom,CO2
GENeSYS-MOD 2.9,Gradual Development 1.0,GBR,Emissions|CO2|Energy|Demand|Transportation|Aviation|Passenger,Mt CO2/yr,,,,,,,,,,,,3.99045240265863,,3.89076641610481,,,,,3.15456733964518,2.99863919156311,,,,,,,,,,,,,,,,,,United Kingdom,CO2
GENeSYS-MOD 2.9,Gradual Development 1.0,GBR,Emissions|CO2|Energy|Demand|Transportation|Maritime,Mt CO2/yr,,,,,,,,,,,,0.551639417106957,,0.487246515179517,,,,,0.450487813701603,0.644621192840657,0.476165235147817,0.315921456073089,0.0419502164218006,,,,,,,,,,,,,,,United Kingdom,CO2
GENeSYS-MOD 2.9,Gradual Development 1.0,GBR,Emissions|CO2|Energy|Demand|Transportation|Maritime|Freight,Mt CO2/yr,,,,,,,,,,,,0.551639417106957,,0.487246515179517,,,,,0.450487813701603,0.644621192840657,0.476165235147817,0.315921456073089,0.0419502164218006,,,,,,,,,,,,,,,United Kingdom,CO2
GENeSYS-MOD 2.9,Gradual Development 1.0,GBR,Emissions|CO2|Energy|Demand|Transportation|Rail,Mt CO2/yr,,,,,,,,,,,,1.81200164522218,,1.37699102696547,,,,,,,,,,,,,,,,,,,,,,,,United Kingdom,CO2
GENeSYS-MOD 2.9,Gradual Development 1.0,GBR,Emissions|CO2|Energy|Demand|Transportation|Rail|Freight,Mt CO2/yr,,,,,,,,,,,,0.511001622757268,,0.416019931518139,,,,,,,,,,,,,,,,,,,,,,,,United Kingdom,CO2
GENeSYS-MOD 2.9,Gradual Development 1.0,GBR,Emissions|CO2|Energy|Demand|Transportation|Rail|Passenger,Mt CO2/yr,,,,,,,,,,,,1.30100002246491,,0.960971095447339,,,,,,,,,,,,,,,,,,,,,,,,United Kingdom,CO2
GENeSYS-MOD 2.9,Gradual Development 1.0,GBR,Emissions|CO2|Energy|Demand|Transportation|Road,Mt CO2/yr,,,,,,,,,,,,124.368009943572,,111.37798747089,,,,,86.7066205554229,64.2196933798959,36.9855545080128,13.1936213986332,2.09008642618868,,,,,,,,,,,,,,,United Kingdom,CO2
GENeSYS-MOD 2.9,Gradual Development 1.0,GBR,Emissions|CO2|Energy|Demand|Transportation|Road|Freight,Mt CO2/yr,,,,,,,,,,,,46.3322566247703,,45.2634006042496,,,,,41.5635590485767,32.7648569811668,20.9912121999983,8.24347644248172,0.826132665355776,,,,,,,,,,,,,,,United Kingdom,CO2
GENeSYS-MOD 2.9,Gradual Development 1.0,GBR,Emissions|CO2|Energy|Demand|Transportation|Road|Passenger,Mt CO2/yr,,,,,,,,,,,,78.0357533188019,,66.1145868666406,,,,,45.1430615068461,31.454836398729,15.9943423080145,4.95014495615157,1.2639537608329,,,,,,,,,,,,,,,United Kingdom,CO2
GENeSYS-MOD 2.9,Gradual Development 1.0,GBR,Emissions|CO2|Energy|Supply,Mt CO2/yr,,,,,,,,,,,,115.371795264762,,96.0881678552375,,,,,47.0060354323237,23.9937813689254,12.8269600370398,0.877619118845473,,,,,,,,,,,,,,,,United Kingdom,CO2
GENeSYS-MOD 2.9,Gradual Development 1.0,GBR,Emissions|CO2|Energy|Supply|Electricity,Mt CO2/yr,,,,,,,,,,,,115.371795264762,,96.0881678552375,,,,,47.0060354323237,23.9937813689254,12.8269600370398,0.877619118845473,,,,,,,,,,,,,,,,United Kingdom,CO2
GENeSYS-MOD 2.9,Societal Commitment 1.0,GBR,Emissions|CO2|Energy|Demand,Mt CO2/yr,,,,,,,,,,,,343.604296073193,,308.059760125822,,,,,186.212832691186,94.9040034792582,44.8487978557261,10.5160889794186,,,,,,,,,,,,,,,,United Kingdom,CO2
GENeSYS-MOD 2.9,Societal Commitment 1.0,GBR,Emissions|CO2|Energy|Demand|Industry,Mt CO2/yr,,,,,,,,,,,,120.710203198907,,103.816529115886,,,,,55.575477291293,46.209560468612,30.4028450246742,5.58959745057517,,,,,,,,,,,,,,,,United Kingdom,CO2
GENeSYS-MOD 2.9,Societal Commitment 1.0,GBR,Emissions|CO2|Energy|Demand|Residential and Commercial,Mt CO2/yr,,,,,,,,,,,,92.1719894657255,,83.3312934662842,,,,,56.9911678577334,23.6857306683759,12.2191944189178,4.87696525145236,,,,,,,,,,,,,,,,United Kingdom,CO2
GENeSYS-MOD 2.9,Societal Commitment 1.0,GBR,Emissions|CO2|Energy|Demand|Transportation,Mt CO2/yr,,,,,,,,,,,,130.72210340856,,120.911937543652,,,,,73.6461875421597,25.0087123422701,2.22675841213409,0.0495262773911008,,,,,,,,,,,,,,,,United Kingdom,CO2
GENeSYS-MOD 2.9,Societal Commitment 1.0,GBR,Emissions|CO2|Energy|Demand|Transportation|Aviation,Mt CO2/yr,,,,,,,,,,,,3.99045240265863,,3.81295108778272,,,,,3.0099771527272,2.69430744451148,0.023642198750133,,,,,,,,,,,,,,,,,United Kingdom,CO2
GENeSYS-MOD 2.9,Societal Commitment 1.0,GBR,Emissions|CO2|Energy|Demand|Transportation|Aviation|Passenger,Mt CO2/yr,,,,,,,,,,,,3.99045240265863,,3.81295108778272,,,,,3.0099771527272,2.69430744451148,0.023642198750133,,,,,,,,,,,,,,,,,United Kingdom,CO2
GENeSYS-MOD 2.9,Societal Commitment 1.0,GBR,Emissions|CO2|Energy|Demand|Transportation|Maritime,Mt CO2/yr,,,,,,,,,,,,0.551639417106957,,0.487246515179517,,,,,0.436836667831858,0.473364023931197,0.320840648295681,0.0495262773911008,,,,,,,,,,,,,,,,United Kingdom,CO2
GENeSYS-MOD 2.9,Societal Commitment 1.0,GBR,Emissions|CO2|Energy|Demand|Transportation|Maritime|Freight,Mt CO2/yr,,,,,,,,,,,,0.551639417106957,,0.487246515179517,,,,,0.436836667831858,0.473364023931197,0.320840648295681,0.0495262773911008,,,,,,,,,,,,,,,,United Kingdom,CO2
GENeSYS-MOD 2.9,Societal Commitment 1.0,GBR,Emissions|CO2|Energy|Demand|Transportation|Rail,Mt CO2/yr,,,,,,,,,,,,1.81200164522218,,1.35639878920589,,,,,,,,,,,,,,,,,,,,,,,,United Kingdom,CO2
GENeSYS-MOD 2.9,Societal Commitment 1.0,GBR,Emissions|CO2|Energy|Demand|Transportation|Rail|Freight,Mt CO2/yr,,,,,,,,,,,,0.511001622757268,,0.416019931518139,,,,,,,,,,,,,,,,,,,,,,,,United Kingdom,CO2
GENeSYS-MOD 2.9,Societal Commitment 1.0,GBR,Emissions|CO2|Energy|Demand|Transportation|Rail|Passenger,Mt CO2/yr,,,,,,,,,,,,1.30100002246491,,0.940378857687754,,,,,,,,,,,,,,,,,,,,,,,,United Kingdom,CO2
GENeSYS-MOD 2.9,Societal Commitment 1.0,GBR,Emissions|CO2|Energy|Demand|Transportation|Road,Mt CO2/yr,,,,,,,,,,,,124.368009943572,,115.255341151484,,,,,70.1993737216006,21.8410408738274,1.88227556508827,,,,,,,,,,,,,,,,,United Kingdom,CO2
GENeSYS-MOD 2.9,Societal Commitment 1.0,GBR,Emissions|CO2|Energy|Demand|Transportation|Road|Freight,Mt CO2/yr,,,,,,,,,,,,46.3322566247703,,48.4147119463872,,,,,31.6998203162451,10.5841532382982,1.20740323208589,,,,,,,,,,,,,,,,,United Kingdom,CO2
GENeSYS-MOD 2.9,Societal Commitment 1.0,GBR,Emissions|CO2|Energy|Demand|Transportation|Road|Passenger,Mt CO2/yr,,,,,,,,,,,,78.0357533188019,,66.8406292050969,,,,,38.4995534053555,11.2568876355292,0.674872333002378,,,,,,,,,,,,,,,,,United Kingdom,CO2
GENeSYS-MOD 2.9,Societal Commitment 1.0,GBR,Emissions|CO2|Energy|Supply,Mt CO2/yr,,,,,,,,,,,,115.297187071586,,96.0247508910386,,,,,51.1756794036069,17.1088599288375,10.7843916849694,,,,,,,,,,,,,,,,,United Kingdom,CO2
GENeSYS-MOD 2.9,Societal Commitment 1.0,GBR,Emissions|CO2|Energy|Supply|Electricity,Mt CO2/yr,,,,,,,,,,,,115.297187071586,,96.0247508910386,,,,,51.1756794036069,17.1088599288375,10.7843916849694,,,,,,,,,,,,,,,,,United Kingdom,CO2
GENeSYS-MOD 2.9,Techno-Friendly 1.0,GBR,Emissions|CO2|Energy|Demand,Mt CO2/yr,,,,,,,,,,,,343.604296073193,,319.650995773452,,,,,195.210198323608,91.0523382741718,33.6577719333584,6.92986344338206,-4.32862709956479,-5.08104476168251,,,,,,,,,,,,,,United Kingdom,CO2
GENeSYS-MOD 2.9,Techno-Friendly 1.0,GBR,Emissions|CO2|Energy|Demand|Industry,Mt CO2/yr,,,,,,,,,,,,120.710203198907,,103.954603838274,,,,,38.5339413123564,18.0202702549805,10.9509368067094,1.06494766605919,-4.32862709956479,-5.08104476168251,,,,,,,,,,,,,,United Kingdom,CO2
GENeSYS-MOD 2.9,Techno-Friendly 1.0,GBR,Emissions|CO2|Energy|Demand|Residential and Commercial,Mt CO2/yr,,,,,,,,,,,,92.1719894657254,,91.2211298515193,,,,,77.1372265098975,45.3341865121534,18.6818267924967,5.82287960270086,,,,,,,,,,,,,,,,United Kingdom,CO2
GENeSYS-MOD 2.9,Techno-Friendly 1.0,GBR,Emissions|CO2|Energy|Demand|Transportation,Mt CO2/yr,,,,,,,,,,,,130.72210340856,,124.475262083658,,,,,79.5390305013547,27.6978815070377,4.02500833415229,0.0420361746220085,,,,,,,,,,,,,,,,United Kingdom,CO2
GENeSYS-MOD 2.9,Techno-Friendly 1.0,GBR,Emissions|CO2|Energy|Demand|Transportation|Aviation,Mt CO2/yr,,,,,,,,,,,,3.99045240265863,,3.89076641610481,,,,,3.18643165620725,1.53006446809155,,,,,,,,,,,,,,,,,,United Kingdom,CO2
GENeSYS-MOD 2.9,Techno-Friendly 1.0,GBR,Emissions|CO2|Energy|Demand|Transportation|Aviation|Passenger,Mt CO2/yr,,,,,,,,,,,,3.99045240265863,,3.89076641610481,,,,,3.18643165620725,1.53006446809155,,,,,,,,,,,,,,,,,,United Kingdom,CO2
GENeSYS-MOD 2.9,Techno-Friendly 1.0,GBR,Emissions|CO2|Energy|Demand|Transportation|Maritime,Mt CO2/yr,,,,,,,,,,,,0.551639417106957,,0.487246515179517,,,,,0.455038195658185,0.537913663558178,0.320840648295681,0.0420361746220085,,,,,,,,,,,,,,,,United Kingdom,CO2
GENeSYS-MOD 2.9,Techno-Friendly 1.0,GBR,Emissions|CO2|Energy|Demand|Transportation|Maritime|Freight,Mt CO2/yr,,,,,,,,,,,,0.551639417106957,,0.487246515179517,,,,,0.455038195658185,0.537913663558178,0.320840648295681,0.0420361746220085,,,,,,,,,,,,,,,,United Kingdom,CO2
GENeSYS-MOD 2.9,Techno-Friendly 1.0,GBR,Emissions|CO2|Energy|Demand|Transportation|Rail,Mt CO2/yr,,,,,,,,,,,,1.81200164522218,,1.43716879780611,,,,,,0.0050137494419701,,,,,,,,,,,,,,,,,,United Kingdom,CO2
GENeSYS-MOD 2.9,Techno-Friendly 1.0,GBR,Emissions|CO2|Energy|Demand|Transportation|Rail|Freight,Mt CO2/yr,,,,,,,,,,,,0.511001622757268,,0.416019931518139,,,,,,0.0050137494419701,,,,,,,,,,,,,,,,,,United Kingdom,CO2
GENeSYS-MOD 2.9,Techno-Friendly 1.0,GBR,Emissions|CO2|Energy|Demand|Transportation|Rail|Passenger,Mt CO2/yr,,,,,,,,,,,,1.30100002246491,,1.02114886628797,,,,,,,,,,,,,,,,,,,,,,,,United Kingdom,CO2
GENeSYS-MOD 2.9,Techno-Friendly 1.0,GBR,Emissions|CO2|Energy|Demand|Transportation|Road,Mt CO2/yr,,,,,,,,,,,,124.368009943572,,118.660080354568,,,,,75.8975606494892,25.624889625946,3.70416768585661,,,,,,,,,,,,,,,,,United Kingdom,CO2
GENeSYS-MOD 2.9,Techno-Friendly 1.0,GBR,Emissions|CO2|Energy|Demand|Transportation|Road|Freight,Mt CO2/yr,,,,,,,,,,,,46.3322566247703,,45.2634006042496,,,,,33.0206461627553,11.5045143894546,1.71842181688765,,,,,,,,,,,,,,,,,United Kingdom,CO2
GENeSYS-MOD 2.9,Techno-Friendly 1.0,GBR,Emissions|CO2|Energy|Demand|Transportation|Road|Passenger,Mt CO2/yr,,,,,,,,,,,,78.0357533188019,,73.3966797503186,,,,,42.8769144867339,14.1203752364914,1.98574586896896,,,,,,,,,,,,,,,,,United Kingdom,CO2
GENeSYS-MOD 2.9,Techno-Friendly 1.0,GBR,Emissions|CO2|Energy|Supply,Mt CO2/yr,,,,,,,,,,,,114.96831835168,,103.648752547645,,,,,49.1961534674288,21.3877711630388,8.54140566229129,0.12733811860703,0.0895379403724523,0.0962857522273938,,,,,,,,,,,,,,United Kingdom,CO2
GENeSYS-MOD 2.9,Techno-Friendly 1.0,GBR,Emissions|CO2|Energy|Supply|Electricity,Mt CO2/yr,,,,,,,,,,,,114.96831835168,,103.648752547645,,,,,49.1961534674288,21.3877711630388,8.54140566229129,0.12733811860703,0.0895379403724523,0.0962857522273938,,,,,,,,,,,,,,United Kingdom,CO2
ICES-XPS 1.0,CSH,GBR,Emissions|CO2|Energy|Demand,Mt CO2/yr,,,,,,,,,,,,324.30365,,235.77161,,,,,229.90822,228.71449,,,,,,,,,,,,,,,,,,United Kingdom,CO2
ICES-XPS 1.0,CSH,GBR,Emissions|CO2|Energy|Demand|AFOFI,Mt CO2/yr,,,,,,,,,,,,1.0478951,,0.89779234,,,,,0.83919573,0.79342204,,,,,,,,,,,,,,,,,,United Kingdom,CO2
ICES-XPS 1.0,CSH,GBR,Emissions|CO2|Energy|Demand|Industry,Mt CO2/yr,,,,,,,,,,,,50.733551,,60.251423,,,,,61.300179,64.789551,,,,,,,,,,,,,,,,,,United Kingdom,CO2
ICES-XPS 1.0,CSH,GBR,Emissions|CO2|Energy|Demand|Residential and Commercial,Mt CO2/yr,,,,,,,,,,,,114.26045,,90.828224,,,,,87.295532,86.934006,,,,,,,,,,,,,,,,,,United Kingdom,CO2
ICES-XPS 1.0,CSH,GBR,Emissions|CO2|Energy|Demand|Residential and Commercial|Commercial,Mt CO2/yr,,,,,,,,,,,,25.195724,,19.402721,,,,,18.84787,19.154188,,,,,,,,,,,,,,,,,,United Kingdom,CO2
ICES-XPS 1.0,CSH,GBR,Emissions|CO2|Energy|Demand|Residential and Commercial|Residential,Mt CO2/yr,,,,,,,,,,,,89.064728,,71.425499,,,,,68.447662,67.779816,,,,,,,,,,,,,,,,,,United Kingdom,CO2
ICES-XPS 1.0,CSH,GBR,Emissions|CO2|Energy|Demand|Transportation,Mt CO2/yr,,,,,,,,,,,,158.26175,,83.794167,,,,,80.473312,76.19751,,,,,,,,,,,,,,,,,,United Kingdom,CO2
ICES-XPS 1.0,CSH,GBR,Emissions|CO2|Energy|Supply,Mt CO2/yr,,,,,,,,,,,,129.30437,,122.84866,,,,,119.90485,118.53029,,,,,,,,,,,,,,,,,,United Kingdom,CO2
ICES-XPS 1.0,CSH,GBR,Emissions|CO2|Energy|Supply|Electricity,Mt CO2/yr,,,,,,,,,,,,99.79287,,71.380341,,,,,76.984581,82.244072,,,,,,,,,,,,,,,,,,United Kingdom,CO2
ICES-XPS 1.0,CSH,GBR,Emissions|CO2|Energy|Supply|Gases,Mt CO2/yr,,,,,,,,,,,,9.7863894,,10.716762,,,,,11.667873,13.059216,,,,,,,,,,,,,,,,,,United Kingdom,CO2
ICES-XPS 1.0,CSH,GBR,Emissions|CO2|Energy|Supply|Liquids,Mt CO2/yr,,,,,,,,,,,,19.704054,,40.730263,,,,,31.225351,23.19302,,,,,,,,,,,,,,,,,,United Kingdom,CO2
ICES-XPS 1.0,CSH,GBR,Emissions|CO2|Energy|Supply|Solids,Mt CO2/yr,,,,,,,,,,,,0.021051066,,0.0212968942,,,,,0.027049372,0.0339806527,,,,,,,,,,,,,,,,,,United Kingdom,CO2
ICES-XPS 1.0,PCSH,GBR,Emissions|CO2|Energy|Demand,Mt CO2/yr,,,,,,,,,,,,324.30365,,230.85265,,,,,212.54564,194.95586,,,,,,,,,,,,,,,,,,United Kingdom,CO2
ICES-XPS 1.0,PCSH,GBR,Emissions|CO2|Energy|Demand|AFOFI,Mt CO2/yr,,,,,,,,,,,,1.0478951,,0.88878351,,,,,0.77129668,0.64920312,,,,,,,,,,,,,,,,,,United Kingdom,CO2
ICES-XPS 1.0,PCSH,GBR,Emissions|CO2|Energy|Demand|Industry,Mt CO2/yr,,,,,,,,,,,,50.733551,,57.272877,,,,,53.736748,53.125126,,,,,,,,,,,,,,,,,,United Kingdom,CO2
ICES-XPS 1.0,PCSH,GBR,Emissions|CO2|Energy|Demand|Residential and Commercial,Mt CO2/yr,,,,,,,,,,,,114.26045,,90.522865,,,,,79.325371,67.43277,,,,,,,,,,,,,,,,,,United Kingdom,CO2
ICES-XPS 1.0,PCSH,GBR,Emissions|CO2|Energy|Demand|Residential and Commercial|Commercial,Mt CO2/yr,,,,,,,,,,,,25.195724,,19.158272,,,,,15.551421,12.369185,,,,,,,,,,,,,,,,,,United Kingdom,CO2
ICES-XPS 1.0,PCSH,GBR,Emissions|CO2|Energy|Demand|Residential and Commercial|Residential,Mt CO2/yr,,,,,,,,,,,,89.064728,,71.364594,,,,,63.773949,55.06358,,,,,,,,,,,,,,,,,,United Kingdom,CO2
ICES-XPS 1.0,PCSH,GBR,Emissions|CO2|Energy|Demand|Transportation,Mt CO2/yr,,,,,,,,,,,,158.26175,,82.168114,,,,,78.712219,73.748764,,,,,,,,,,,,,,,,,,United Kingdom,CO2
ICES-XPS 1.0,PCSH,GBR,Emissions|CO2|Energy|Supply,Mt CO2/yr,,,,,,,,,,,,129.30437,,116.76174,,,,,103.09798,93.761009,,,,,,,,,,,,,,,,,,United Kingdom,CO2
ICES-XPS 1.0,PCSH,GBR,Emissions|CO2|Energy|Supply|Electricity,Mt CO2/yr,,,,,,,,,,,,99.79287,,66.044426,,,,,63.194714,62.128551,,,,,,,,,,,,,,,,,,United Kingdom,CO2
ICES-XPS 1.0,PCSH,GBR,Emissions|CO2|Energy|Supply|Gases,Mt CO2/yr,,,,,,,,,,,,9.7863894,,10.351061,,,,,9.7098236,9.3225441,,,,,,,,,,,,,,,,,,United Kingdom,CO2
ICES-XPS 1.0,PCSH,GBR,Emissions|CO2|Energy|Supply|Liquids,Mt CO2/yr,,,,,,,,,,,,19.704054,,40.346134,,,,,30.172726,22.288048,,,,,,,,,,,,,,,,,,United Kingdom,CO2
ICES-XPS 1.0,PCSH,GBR,Emissions|CO2|Energy|Supply|Solids,Mt CO2/yr,,,,,,,,,,,,0.021051066,,0.0201231726,,,,,0.0207235403,0.021868065,,,,,,,,,,,,,,,,,,United Kingdom,CO2
ICES-XPS 1.0,PR_Baseline,GBR,Emissions|CO2|Energy|Demand,Mt CO2/yr,,,,,,,,,,,,293.6026,,289.06152,,,,,270.53488,259.31683,261.84137,261.17349,260.52219,252.0706,,,,,,,,,,,,,,United Kingdom,CO2
ICES-XPS 1.0,PR_Baseline,GBR,Emissions|CO2|Energy|Demand|AFOFI,Mt CO2/yr,,,,,,,,,,,,1.0158054,,0.92175233,,,,,0.81652313,0.74291807,0.71305782,0.68017155,0.65304047,0.61433852,,,,,,,,,,,,,,United Kingdom,CO2
ICES-XPS 1.0,PR_Baseline,GBR,Emissions|CO2|Energy|Demand|Industry,Mt CO2/yr,,,,,,,,,,,,45.644211,,41.092377,,,,,40.991474,41.90366,43.708664,44.80806,45.88102,45.880009,,,,,,,,,,,,,,United Kingdom,CO2
ICES-XPS 1.0,PR_Baseline,GBR,Emissions|CO2|Energy|Demand|Residential and Commercial,Mt CO2/yr,,,,,,,,,,,,114.6058,,103.43159,,,,,97.028603,93.887436,95.135773,95.357224,95.188896,92.216141,,,,,,,,,,,,,,United Kingdom,CO2
ICES-XPS 1.0,PR_Baseline,GBR,Emissions|CO2|Energy|Demand|Residential and Commercial|Commercial,Mt CO2/yr,,,,,,,,,,,,25.615448,,25.957838,,,,,25.052052,24.736788,25.566393,26.109907,26.451117,26.030519,,,,,,,,,,,,,,United Kingdom,CO2
ICES-XPS 1.0,PR_Baseline,GBR,Emissions|CO2|Energy|Demand|Residential and Commercial|Residential,Mt CO2/yr,,,,,,,,,,,,88.990356,,77.473747,,,,,71.976547,69.150642,69.569374,69.247314,68.737778,66.185623,,,,,,,,,,,,,,United Kingdom,CO2
ICES-XPS 1.0,PR_Baseline,GBR,Emissions|CO2|Energy|Demand|Transportation,Mt CO2/yr,,,,,,,,,,,,132.33679,,143.6158,,,,,131.69827,122.78281,122.28387,120.32803,118.79923,113.36012,,,,,,,,,,,,,,United Kingdom,CO2
ICES-XPS 1.0,PR_Baseline,GBR,Emissions|CO2|Energy|Supply,Mt CO2/yr,,,,,,,,,,,,135.07951,,132.10408,,,,,131.83195,129.60832,134.71667,138.83153,142.58118,142.2437,,,,,,,,,,,,,,United Kingdom,CO2
ICES-XPS 1.0,PR_Baseline,GBR,Emissions|CO2|Energy|Supply|Electricity,Mt CO2/yr,,,,,,,,,,,,113.25475,,114.73409,,,,,114.74836,112.23643,116.10931,118.89534,121.3976,119.84421,,,,,,,,,,,,,,United Kingdom,CO2
ICES-XPS 1.0,PR_Baseline,GBR,Emissions|CO2|Energy|Supply|Gases,Mt CO2/yr,,,,,,,,,,,,8.7134895,,7.2958317,,,,,8.2272921,9.3716068,10.63303,12.0599,13.69667,15.571706,,,,,,,,,,,,,,United Kingdom,CO2
ICES-XPS 1.0,PR_Baseline,GBR,Emissions|CO2|Energy|Supply|Liquids,Mt CO2/yr,,,,,,,,,,,,13.095489,,10.061311,,,,,8.8306236,7.9549184,7.919621,7.8117576,7.4158511,6.7583714,,,,,,,,,,,,,,United Kingdom,CO2
ICES-XPS 1.0,PR_Baseline,GBR,Emissions|CO2|Energy|Supply|Solids,Mt CO2/yr,,,,,,,,,,,,0.0157878734,,0.0128525188,,,,,0.0256790798,0.0453700386,0.054717768,0.0645231083,0.071065411,0.0694201887,,,,,,,,,,,,,,United Kingdom,CO2
ICES-XPS 1.0,PR_CP_Intensity,GBR,Emissions|CO2|Energy|Demand,Mt CO2/yr,,,,,,,,,,,,293.6037,,282.49213,,,,,247.6562,217.77589,193.51976,168.70731,146.76991,124.58825,,,,,,,,,,,,,,United Kingdom,CO2
ICES-XPS 1.0,PR_CP_Intensity,GBR,Emissions|CO2|Energy|Demand|AFOFI,Mt CO2/yr,,,,,,,,,,,,1.0158129,,0.89252567,,,,,0.70441037,0.57287347,0.47772795,0.39601877,0.33255398,0.27810726,,,,,,,,,,,,,,United Kingdom,CO2
ICES-XPS 1.0,PR_CP_Intensity,GBR,Emissions|CO2|Energy|Demand|Industry,Mt CO2/yr,,,,,,,,,,,,45.644402,,39.829075,,,,,36.439133,32.193192,27.113575,22.629299,19.065161,15.917564,,,,,,,,,,,,,,United Kingdom,CO2
ICES-XPS 1.0,PR_CP_Intensity,GBR,Emissions|CO2|Energy|Demand|Residential and Commercial,Mt CO2/yr,,,,,,,,,,,,114.60577,,98.777397,,,,,80.291672,67.276314,55.871208,46.044491,38.265709,31.480505,,,,,,,,,,,,,,United Kingdom,CO2
ICES-XPS 1.0,PR_CP_Intensity,GBR,Emissions|CO2|Energy|Demand|Residential and Commercial|Commercial,Mt CO2/yr,,,,,,,,,,,,25.615602,,24.267033,,,,,18.552843,14.625499,11.330157,8.7772465,6.8864446,5.3918295,,,,,,,,,,,,,,United Kingdom,CO2
ICES-XPS 1.0,PR_CP_Intensity,GBR,Emissions|CO2|Energy|Demand|Residential and Commercial|Residential,Mt CO2/yr,,,,,,,,,,,,88.990173,,74.510368,,,,,61.738831,52.650818,44.54105,37.267242,31.379267,26.088675,,,,,,,,,,,,,,United Kingdom,CO2
ICES-XPS 1.0,PR_CP_Intensity,GBR,Emissions|CO2|Energy|Demand|Transportation,Mt CO2/yr,,,,,,,,,,,,132.33771,,142.99312,,,,,130.22099,117.73351,110.05724,99.637497,89.106483,76.912071,,,,,,,,,,,,,,United Kingdom,CO2
ICES-XPS 1.0,PR_CP_Intensity,GBR,Emissions|CO2|Energy|Supply,Mt CO2/yr,,,,,,,,,,,,135.0802,,123.92997,,,,,108.38454,84.833755,66.246368,53.658489,44.70927,38.540245,,,,,,,,,,,,,,United Kingdom,CO2
ICES-XPS 1.0,PR_CP_Intensity,GBR,Emissions|CO2|Energy|Supply|Electricity,Mt CO2/yr,,,,,,,,,,,,113.25542,,107.02926,,,,,93.135994,71.221893,54.209316,43.008984,35.513851,30.70903,,,,,,,,,,,,,,United Kingdom,CO2
ICES-XPS 1.0,PR_CP_Intensity,GBR,Emissions|CO2|Energy|Supply|Gases,Mt CO2/yr,,,,,,,,,,,,8.7134771,,6.8928385,,,,,6.563714,6.0006924,4.8729525,4.0660739,3.4391301,2.9763134,,,,,,,,,,,,,,United Kingdom,CO2
ICES-XPS 1.0,PR_CP_Intensity,GBR,Emissions|CO2|Energy|Supply|Liquids,Mt CO2/yr,,,,,,,,,,,,13.095523,,9.9955235,,,,,8.6654692,7.5893126,7.150507,6.5743504,5.7506609,4.8516054,,,,,,,,,,,,,,United Kingdom,CO2
ICES-XPS 1.0,PR_CP_Intensity,GBR,Emissions|CO2|Energy|Supply|Solids,Mt CO2/yr,,,,,,,,,,,,0.0157878716,,0.0123510715,,,,,0.0193621553,0.0218609422,0.0135895992,0.00908091292,0.00562920049,0.00329470425,,,,,,,,,,,,,,United Kingdom,CO2
ICES-XPS 1.0,PR_CP_Price,GBR,Emissions|CO2|Energy|Demand,Mt CO2/yr,,,,,,,,,,,,293.6037,,284.23511,,,,,253.11078,222.43819,222.89249,220.91583,219.73553,211.73569,,,,,,,,,,,,,,United Kingdom,CO2
ICES-XPS 1.0,PR_CP_Price,GBR,Emissions|CO2|Energy|Demand|AFOFI,Mt CO2/yr,,,,,,,,,,,,1.0158129,,0.90817028,,,,,0.74115801,0.60460794,0.56145984,0.5195365,0.48677137,0.44883028,,,,,,,,,,,,,,United Kingdom,CO2
ICES-XPS 1.0,PR_CP_Price,GBR,Emissions|CO2|Energy|Demand|Industry,Mt CO2/yr,,,,,,,,,,,,45.644402,,39.869488,,,,,35.692162,31.290115,31.738869,31.687082,31.723499,30.903212,,,,,,,,,,,,,,United Kingdom,CO2
ICES-XPS 1.0,PR_CP_Price,GBR,Emissions|CO2|Energy|Demand|Residential and Commercial,Mt CO2/yr,,,,,,,,,,,,114.60577,,100.70669,,,,,87.57753,74.215599,74.495186,74.052574,73.766869,71.319084,,,,,,,,,,,,,,United Kingdom,CO2
ICES-XPS 1.0,PR_CP_Price,GBR,Emissions|CO2|Energy|Demand|Residential and Commercial|Commercial,Mt CO2/yr,,,,,,,,,,,,25.615602,,25.130987,,,,,21.005434,16.862648,16.674667,16.366022,16.09252,15.408708,,,,,,,,,,,,,,United Kingdom,CO2
ICES-XPS 1.0,PR_CP_Price,GBR,Emissions|CO2|Energy|Demand|Residential and Commercial|Residential,Mt CO2/yr,,,,,,,,,,,,88.990173,,75.575706,,,,,66.57209,57.352955,57.820518,57.686554,57.674351,55.910374,,,,,,,,,,,,,,United Kingdom,CO2
ICES-XPS 1.0,PR_CP_Price,GBR,Emissions|CO2|Energy|Demand|Transportation,Mt CO2/yr,,,,,,,,,,,,132.33771,,142.75075,,,,,129.09993,116.32786,116.09698,114.65665,113.7584,109.06457,,,,,,,,,,,,,,United Kingdom,CO2
ICES-XPS 1.0,PR_CP_Price,GBR,Emissions|CO2|Energy|Supply,Mt CO2/yr,,,,,,,,,,,,135.0802,,122.18701,,,,,102.92993,80.171349,84.286942,88.395752,93.094856,96.834297,,,,,,,,,,,,,,United Kingdom,CO2
ICES-XPS 1.0,PR_CP_Price,GBR,Emissions|CO2|Energy|Supply|Electricity,Mt CO2/yr,,,,,,,,,,,,113.25542,,105.1813,,,,,87.295891,66.187271,69.504555,72.742821,76.6679,79.715141,,,,,,,,,,,,,,United Kingdom,CO2
ICES-XPS 1.0,PR_CP_Price,GBR,Emissions|CO2|Energy|Supply|Gases,Mt CO2/yr,,,,,,,,,,,,8.7134771,,7.0050106,,,,,6.9845214,6.4296441,7.1847997,8.0461311,9.0438337,10.140908,,,,,,,,,,,,,,United Kingdom,CO2
ICES-XPS 1.0,PR_CP_Price,GBR,Emissions|CO2|Energy|Supply|Liquids,Mt CO2/yr,,,,,,,,,,,,13.095523,,9.9884501,,,,,8.6314926,7.5344281,7.5733647,7.5776634,7.3496919,6.9419851,,,,,,,,,,,,,,United Kingdom,CO2
ICES-XPS 1.0,PR_CP_Price,GBR,Emissions|CO2|Energy|Supply|Solids,Mt CO2/yr,,,,,,,,,,,,0.0157878716,,0.012243758,,,,,0.0180269834,0.0200064722,0.0242199078,0.0291367546,0.0334336124,0.0362632796,,,,,,,,,,,,,,United Kingdom,CO2
ICES-XPS 1.0,PR_CP_PriceOnly,GBR,Emissions|CO2|Energy|Demand,Mt CO2/yr,,,,,,,,,,,,293.6037,,284.23511,,,,,254.44308,224.68372,234.54749,240.48479,246.27412,244.72453,,,,,,,,,,,,,,United Kingdom,CO2
ICES-XPS 1.0,PR_CP_PriceOnly,GBR,Emissions|CO2|Energy|Demand|AFOFI,Mt CO2/yr,,,,,,,,,,,,1.0158129,,0.90817028,,,,,0.77400732,0.65538007,0.64379305,0.62503719,0.6100443,0.58322185,,,,,,,,,,,,,,United Kingdom,CO2
ICES-XPS 1.0,PR_CP_PriceOnly,GBR,Emissions|CO2|Energy|Demand|Industry,Mt CO2/yr,,,,,,,,,,,,45.644402,,39.869488,,,,,36.864269,33.229694,35.627914,37.459095,39.437836,40.723156,,,,,,,,,,,,,,United Kingdom,CO2
ICES-XPS 1.0,PR_CP_PriceOnly,GBR,Emissions|CO2|Energy|Demand|Residential and Commercial,Mt CO2/yr,,,,,,,,,,,,114.60577,,100.70669,,,,,88.158501,75.188248,78.347527,80.425369,82.374062,82.123528,,,,,,,,,,,,,,United Kingdom,CO2
ICES-XPS 1.0,PR_CP_PriceOnly,GBR,Emissions|CO2|Energy|Demand|Residential and Commercial|Commercial,Mt CO2/yr,,,,,,,,,,,,25.615602,,25.130987,,,,,22.275221,18.773592,19.905378,20.836681,21.727814,22.107824,,,,,,,,,,,,,,United Kingdom,CO2
ICES-XPS 1.0,PR_CP_PriceOnly,GBR,Emissions|CO2|Energy|Demand|Residential and Commercial|Residential,Mt CO2/yr,,,,,,,,,,,,88.990173,,75.575706,,,,,65.883278,56.414658,58.44215,59.588692,60.646244,60.015705,,,,,,,,,,,,,,United Kingdom,CO2
ICES-XPS 1.0,PR_CP_PriceOnly,GBR,Emissions|CO2|Energy|Demand|Transportation,Mt CO2/yr,,,,,,,,,,,,132.33771,,142.75075,,,,,128.6463,115.61039,119.92825,121.97528,123.85219,121.29462,,,,,,,,,,,,,,United Kingdom,CO2
ICES-XPS 1.0,PR_CP_PriceOnly,GBR,Emissions|CO2|Energy|Supply,Mt CO2/yr,,,,,,,,,,,,135.0802,,122.18701,,,,,101.59775,77.925888,83.539009,88.822227,94.131767,98.197487,,,,,,,,,,,,,,United Kingdom,CO2
ICES-XPS 1.0,PR_CP_PriceOnly,GBR,Emissions|CO2|Energy|Supply|Electricity,Mt CO2/yr,,,,,,,,,,,,113.25542,,105.1813,,,,,85.890343,63.851639,68.350494,72.426117,76.602676,79.495888,,,,,,,,,,,,,,United Kingdom,CO2
ICES-XPS 1.0,PR_CP_PriceOnly,GBR,Emissions|CO2|Energy|Supply|Gases,Mt CO2/yr,,,,,,,,,,,,8.7134771,,7.0050106,,,,,7.0765901,6.5890598,7.4522901,8.5228262,9.8514919,11.524561,,,,,,,,,,,,,,United Kingdom,CO2
ICES-XPS 1.0,PR_CP_PriceOnly,GBR,Emissions|CO2|Energy|Supply|Liquids,Mt CO2/yr,,,,,,,,,,,,13.095523,,9.9884501,,,,,8.6129646,7.4653177,7.7154346,7.8491507,7.6496778,7.144803,,,,,,,,,,,,,,United Kingdom,CO2
ICES-XPS 1.0,PR_CP_PriceOnly,GBR,Emissions|CO2|Energy|Supply|Solids,Mt CO2/yr,,,,,,,,,,,,0.0157878716,,0.012243758,,,,,0.0178482346,0.0198746305,0.0207892433,0.0241340362,0.0279190652,0.0322367214,,,,,,,,,,,,,,United Kingdom,CO2
ICES-XPS 1.0,PR_CurPol_EI,GBR,Emissions|CO2|Energy|Demand,Mt CO2/yr,,,,,,,,,,,,293.6037,,282.49213,,,,,247.6562,217.77589,193.51976,168.70731,146.76991,124.58825,,,,,,,,,,,,,,United Kingdom,CO2
ICES-XPS 1.0,PR_CurPol_EI,GBR,Emissions|CO2|Energy|Demand|AFOFI,Mt CO2/yr,,,,,,,,,,,,1.0158129,,0.89252567,,,,,0.70441037,0.57287347,0.47772795,0.39601877,0.33255398,0.27810726,,,,,,,,,,,,,,United Kingdom,CO2
ICES-XPS 1.0,PR_CurPol_EI,GBR,Emissions|CO2|Energy|Demand|Industry,Mt CO2/yr,,,,,,,,,,,,45.644402,,39.829075,,,,,36.439133,32.193192,27.113575,22.629299,19.065161,15.917564,,,,,,,,,,,,,,United Kingdom,CO2
ICES-XPS 1.0,PR_CurPol_EI,GBR,Emissions|CO2|Energy|Demand|Residential and Commercial,Mt CO2/yr,,,,,,,,,,,,114.60577,,98.777397,,,,,80.291672,67.276314,55.871208,46.044491,38.265709,31.480505,,,,,,,,,,,,,,United Kingdom,CO2
ICES-XPS 1.0,PR_CurPol_EI,GBR,Emissions|CO2|Energy|Demand|Residential and Commercial|Commercial,Mt CO2/yr,,,,,,,,,,,,25.615602,,24.267033,,,,,18.552843,14.625499,11.330157,8.7772465,6.8864446,5.3918295,,,,,,,,,,,,,,United Kingdom,CO2
ICES-XPS 1.0,PR_CurPol_EI,GBR,Emissions|CO2|Energy|Demand|Residential and Commercial|Residential,Mt CO2/yr,,,,,,,,,,,,88.990173,,74.510368,,,,,61.738831,52.650818,44.54105,37.267242,31.379267,26.088675,,,,,,,,,,,,,,United Kingdom,CO2
ICES-XPS 1.0,PR_CurPol_EI,GBR,Emissions|CO2|Energy|Demand|Transportation,Mt CO2/yr,,,,,,,,,,,,132.33771,,142.99312,,,,,130.22099,117.73351,110.05724,99.637497,89.106483,76.912071,,,,,,,,,,,,,,United Kingdom,CO2
ICES-XPS 1.0,PR_CurPol_EI,GBR,Emissions|CO2|Energy|Supply,Mt CO2/yr,,,,,,,,,,,,135.0802,,123.92997,,,,,108.38454,84.833755,66.246368,53.658489,44.70927,38.540245,,,,,,,,,,,,,,United Kingdom,CO2
ICES-XPS 1.0,PR_CurPol_EI,GBR,Emissions|CO2|Energy|Supply|Electricity,Mt CO2/yr,,,,,,,,,,,,113.25542,,107.02926,,,,,93.135994,71.221893,54.209316,43.008984,35.513851,30.70903,,,,,,,,,,,,,,United Kingdom,CO2
ICES-XPS 1.0,PR_CurPol_EI,GBR,Emissions|CO2|Energy|Supply|Gases,Mt CO2/yr,,,,,,,,,,,,8.7134771,,6.8928385,,,,,6.563714,6.0006924,4.8729525,4.0660739,3.4391301,2.9763134,,,,,,,,,,,,,,United Kingdom,CO2
ICES-XPS 1.0,PR_CurPol_EI,GBR,Emissions|CO2|Energy|Supply|Liquids,Mt CO2/yr,,,,,,,,,,,,13.095523,,9.9955235,,,,,8.6654692,7.5893126,7.150507,6.5743504,5.7506609,4.8516054,,,,,,,,,,,,,,United Kingdom,CO2
ICES-XPS 1.0,PR_CurPol_EI,GBR,Emissions|CO2|Energy|Supply|Solids,Mt CO2/yr,,,,,,,,,,,,0.0157878716,,0.0123510715,,,,,0.0193621553,0.0218609422,0.0135895992,0.00908091292,0.00562920049,0.00329470425,,,,,,,,,,,,,,United Kingdom,CO2
ICES-XPS 1.0,PR_NDC_EI,GBR,Emissions|CO2|Energy|Demand,Mt CO2/yr,,,,,,,,,,,,293.6037,,282.56989,,,,,248.55072,219.63051,195.77194,171.0629,149.00568,126.73654,,,,,,,,,,,,,,United Kingdom,CO2
ICES-XPS 1.0,PR_NDC_EI,GBR,Emissions|CO2|Energy|Demand|AFOFI,Mt CO2/yr,,,,,,,,,,,,1.0158129,,0.89266628,,,,,0.70611066,0.57585132,0.47989273,0.39691475,0.3321746,0.27707085,,,,,,,,,,,,,,United Kingdom,CO2
ICES-XPS 1.0,PR_NDC_EI,GBR,Emissions|CO2|Energy|Demand|Industry,Mt CO2/yr,,,,,,,,,,,,45.644402,,39.81152,,,,,36.274933,31.980934,26.916319,22.495665,19.03455,16.007793,,,,,,,,,,,,,,United Kingdom,CO2
ICES-XPS 1.0,PR_NDC_EI,GBR,Emissions|CO2|Energy|Demand|Residential and Commercial,Mt CO2/yr,,,,,,,,,,,,114.60577,,98.777252,,,,,80.289963,67.273338,55.631638,45.662792,37.85643,31.14604,,,,,,,,,,,,,,United Kingdom,CO2
ICES-XPS 1.0,PR_NDC_EI,GBR,Emissions|CO2|Energy|Demand|Residential and Commercial|Commercial,Mt CO2/yr,,,,,,,,,,,,25.615602,,24.260124,,,,,18.497465,14.531537,11.168266,8.6029577,6.7409616,5.291399,,,,,,,,,,,,,,United Kingdom,CO2
ICES-XPS 1.0,PR_NDC_EI,GBR,Emissions|CO2|Energy|Demand|Residential and Commercial|Residential,Mt CO2/yr,,,,,,,,,,,,88.990173,,74.517128,,,,,61.792496,52.741806,44.463371,37.059834,31.115467,25.854641,,,,,,,,,,,,,,United Kingdom,CO2
ICES-XPS 1.0,PR_NDC_EI,GBR,Emissions|CO2|Energy|Demand|Transportation,Mt CO2/yr,,,,,,,,,,,,132.33771,,143.08846,,,,,131.27971,119.80038,112.74409,102.50752,91.782524,79.305641,,,,,,,,,,,,,,United Kingdom,CO2
ICES-XPS 1.0,PR_NDC_EI,GBR,Emissions|CO2|Energy|Supply,Mt CO2/yr,,,,,,,,,,,,135.0802,,123.69292,,,,,106.53501,82.719604,63.862141,51.351776,42.740612,36.920696,,,,,,,,,,,,,,United Kingdom,CO2
ICES-XPS 1.0,PR_NDC_EI,GBR,Emissions|CO2|Energy|Supply|Electricity,Mt CO2/yr,,,,,,,,,,,,113.25542,,106.79881,,,,,91.351219,69.235725,52.028992,41.003628,33.94276,29.583288,,,,,,,,,,,,,,United Kingdom,CO2
ICES-XPS 1.0,PR_NDC_EI,GBR,Emissions|CO2|Energy|Supply|Gases,Mt CO2/yr,,,,,,,,,,,,8.7134771,,6.881968,,,,,6.4440074,5.7657957,4.537581,3.6468799,2.9725163,2.4744904,,,,,,,,,,,,,,United Kingdom,CO2
ICES-XPS 1.0,PR_NDC_EI,GBR,Emissions|CO2|Energy|Supply|Liquids,Mt CO2/yr,,,,,,,,,,,,13.095523,,9.9998217,,,,,8.7223873,7.7023358,7.2867589,6.6957812,5.8219757,4.8608904,,,,,,,,,,,,,,United Kingdom,CO2
ICES-XPS 1.0,PR_NDC_EI,GBR,Emissions|CO2|Energy|Supply|Solids,Mt CO2/yr,,,,,,,,,,,,0.0157878716,,0.0123175168,,,,,0.0173945744,0.0157486089,0.00880863983,0.0054884837,0.00335794385,0.00202849205,,,,,,,,,,,,,,United Kingdom,CO2
ICES-XPS 1.0,PR_NDC_Intensity,GBR,Emissions|CO2|Energy|Demand,Mt CO2/yr,,,,,,,,,,,,293.6037,,282.56989,,,,,248.55072,219.63051,195.77194,171.0629,149.00568,126.73654,,,,,,,,,,,,,,United Kingdom,CO2
ICES-XPS 1.0,PR_NDC_Intensity,GBR,Emissions|CO2|Energy|Demand|AFOFI,Mt CO2/yr,,,,,,,,,,,,1.0158129,,0.89266628,,,,,0.70611066,0.57585132,0.47989273,0.39691475,0.3321746,0.27707085,,,,,,,,,,,,,,United Kingdom,CO2
ICES-XPS 1.0,PR_NDC_Intensity,GBR,Emissions|CO2|Energy|Demand|Industry,Mt CO2/yr,,,,,,,,,,,,45.644402,,39.81152,,,,,36.274933,31.980934,26.916319,22.495665,19.03455,16.007793,,,,,,,,,,,,,,United Kingdom,CO2
ICES-XPS 1.0,PR_NDC_Intensity,GBR,Emissions|CO2|Energy|Demand|Residential and Commercial,Mt CO2/yr,,,,,,,,,,,,114.60577,,98.777252,,,,,80.289963,67.273338,55.631638,45.662792,37.85643,31.14604,,,,,,,,,,,,,,United Kingdom,CO2
ICES-XPS 1.0,PR_NDC_Intensity,GBR,Emissions|CO2|Energy|Demand|Residential and Commercial|Commercial,Mt CO2/yr,,,,,,,,,,,,25.615602,,24.260124,,,,,18.497465,14.531537,11.168266,8.6029577,6.7409616,5.291399,,,,,,,,,,,,,,United Kingdom,CO2
ICES-XPS 1.0,PR_NDC_Intensity,GBR,Emissions|CO2|Energy|Demand|Residential and Commercial|Residential,Mt CO2/yr,,,,,,,,,,,,88.990173,,74.517128,,,,,61.792496,52.741806,44.463371,37.059834,31.115467,25.854641,,,,,,,,,,,,,,United Kingdom,CO2
ICES-XPS 1.0,PR_NDC_Intensity,GBR,Emissions|CO2|Energy|Demand|Transportation,Mt CO2/yr,,,,,,,,,,,,132.33771,,143.08846,,,,,131.27971,119.80038,112.74409,102.50752,91.782524,79.305641,,,,,,,,,,,,,,United Kingdom,CO2
ICES-XPS 1.0,PR_NDC_Intensity,GBR,Emissions|CO2|Energy|Supply,Mt CO2/yr,,,,,,,,,,,,135.0802,,123.69292,,,,,106.53501,82.719604,63.862141,51.351776,42.740612,36.920696,,,,,,,,,,,,,,United Kingdom,CO2
ICES-XPS 1.0,PR_NDC_Intensity,GBR,Emissions|CO2|Energy|Supply|Electricity,Mt CO2/yr,,,,,,,,,,,,113.25542,,106.79881,,,,,91.351219,69.235725,52.028992,41.003628,33.94276,29.583288,,,,,,,,,,,,,,United Kingdom,CO2
ICES-XPS 1.0,PR_NDC_Intensity,GBR,Emissions|CO2|Energy|Supply|Gases,Mt CO2/yr,,,,,,,,,,,,8.7134771,,6.881968,,,,,6.4440074,5.7657957,4.537581,3.6468799,2.9725163,2.4744904,,,,,,,,,,,,,,United Kingdom,CO2
ICES-XPS 1.0,PR_NDC_Intensity,GBR,Emissions|CO2|Energy|Supply|Liquids,Mt CO2/yr,,,,,,,,,,,,13.095523,,9.9998217,,,,,8.7223873,7.7023358,7.2867589,6.6957812,5.8219757,4.8608904,,,,,,,,,,,,,,United Kingdom,CO2
ICES-XPS 1.0,PR_NDC_Intensity,GBR,Emissions|CO2|Energy|Supply|Solids,Mt CO2/yr,,,,,,,,,,,,0.0157878716,,0.0123175168,,,,,0.0173945744,0.0157486089,0.00880863983,0.0054884837,0.00335794385,0.00202849205,,,,,,,,,,,,,,United Kingdom,CO2
ICES-XPS 1.0,PR_NDC_Price,GBR,Emissions|CO2|Energy|Demand,Mt CO2/yr,,,,,,,,,,,,293.6037,,284.31354,,,,,253.92398,224.22334,232.48285,236.728,240.5925,236.61563,,,,,,,,,,,,,,United Kingdom,CO2
ICES-XPS 1.0,PR_NDC_Price,GBR,Emissions|CO2|Energy|Demand|AFOFI,Mt CO2/yr,,,,,,,,,,,,1.0158129,,0.90817672,,,,,0.74146193,0.60556477,0.57552791,0.54174876,0.51402414,0.47934994,,,,,,,,,,,,,,United Kingdom,CO2
ICES-XPS 1.0,PR_NDC_Price,GBR,Emissions|CO2|Energy|Demand|Industry,Mt CO2/yr,,,,,,,,,,,,45.644402,,39.855316,,,,,35.564304,31.14665,32.625111,33.484016,34.313011,34.223064,,,,,,,,,,,,,,United Kingdom,CO2
ICES-XPS 1.0,PR_NDC_Price,GBR,Emissions|CO2|Energy|Demand|Residential and Commercial,Mt CO2/yr,,,,,,,,,,,,114.60577,,100.67334,,,,,87.219017,73.642906,76.168854,77.580734,78.803001,77.723015,,,,,,,,,,,,,,United Kingdom,CO2
ICES-XPS 1.0,PR_NDC_Price,GBR,Emissions|CO2|Energy|Demand|Residential and Commercial|Commercial,Mt CO2/yr,,,,,,,,,,,,25.615602,,25.112619,,,,,20.825922,16.575413,16.885279,17.016916,17.109159,16.770037,,,,,,,,,,,,,,United Kingdom,CO2
ICES-XPS 1.0,PR_NDC_Price,GBR,Emissions|CO2|Energy|Demand|Residential and Commercial|Residential,Mt CO2/yr,,,,,,,,,,,,88.990173,,75.560722,,,,,66.393097,57.06749,59.283577,60.56382,61.69384,60.95298,,,,,,,,,,,,,,United Kingdom,CO2
ICES-XPS 1.0,PR_NDC_Price,GBR,Emissions|CO2|Energy|Demand|Transportation,Mt CO2/yr,,,,,,,,,,,,132.33771,,142.87669,,,,,130.3992,118.82822,123.11336,125.12149,126.96246,124.19021,,,,,,,,,,,,,,United Kingdom,CO2
ICES-XPS 1.0,PR_NDC_Price,GBR,Emissions|CO2|Energy|Supply,Mt CO2/yr,,,,,,,,,,,,135.0802,,121.94934,,,,,101.16167,78.126686,85.055099,91.925323,99.228722,106.00081,,,,,,,,,,,,,,United Kingdom,CO2
ICES-XPS 1.0,PR_NDC_Price,GBR,Emissions|CO2|Energy|Supply|Electricity,Mt CO2/yr,,,,,,,,,,,,113.25542,,104.95194,,,,,85.618088,64.318932,70.16153,75.891098,82.175987,87.971481,,,,,,,,,,,,,,United Kingdom,CO2
ICES-XPS 1.0,PR_NDC_Price,GBR,Emissions|CO2|Energy|Supply|Gases,Mt CO2/yr,,,,,,,,,,,,8.7134771,,6.9911003,,,,,6.8275356,6.1245675,6.8945341,7.8091912,8.8976774,10.172244,,,,,,,,,,,,,,United Kingdom,CO2
ICES-XPS 1.0,PR_NDC_Price,GBR,Emissions|CO2|Energy|Supply|Liquids,Mt CO2/yr,,,,,,,,,,,,13.095523,,9.9940939,,,,,8.700058,7.6693254,7.9836159,8.2066431,8.1333466,7.8313041,,,,,,,,,,,,,,United Kingdom,CO2
ICES-XPS 1.0,PR_NDC_Price,GBR,Emissions|CO2|Energy|Supply|Solids,Mt CO2/yr,,,,,,,,,,,,0.0157878716,,0.0122064119,,,,,0.0159835201,0.0138590336,0.0154220555,0.0183919836,0.0217130613,0.02578298,,,,,,,,,,,,,,United Kingdom,CO2
ICES-XPS 1.0,PR_NDC_PriceOnly,GBR,Emissions|CO2|Energy|Demand,Mt CO2/yr,,,,,,,,,,,,293.6037,,284.31354,,,,,255.30324,226.56343,236.31929,242.2052,248.05518,246.64993,,,,,,,,,,,,,,United Kingdom,CO2
ICES-XPS 1.0,PR_NDC_PriceOnly,GBR,Emissions|CO2|Energy|Demand|AFOFI,Mt CO2/yr,,,,,,,,,,,,1.0158129,,0.90817672,,,,,0.77440852,0.65663642,0.64451873,0.62534368,0.61017948,0.5834139,,,,,,,,,,,,,,United Kingdom,CO2
ICES-XPS 1.0,PR_NDC_PriceOnly,GBR,Emissions|CO2|Energy|Demand|Industry,Mt CO2/yr,,,,,,,,,,,,45.644402,,39.855316,,,,,36.732277,33.082054,35.505833,37.371662,39.411682,40.789314,,,,,,,,,,,,,,United Kingdom,CO2
ICES-XPS 1.0,PR_NDC_PriceOnly,GBR,Emissions|CO2|Energy|Demand|Residential and Commercial,Mt CO2/yr,,,,,,,,,,,,114.60577,,100.67334,,,,,87.784088,74.581963,77.693634,79.76622,81.777496,81.668297,,,,,,,,,,,,,,United Kingdom,CO2
ICES-XPS 1.0,PR_NDC_PriceOnly,GBR,Emissions|CO2|Energy|Demand|Residential and Commercial|Commercial,Mt CO2/yr,,,,,,,,,,,,25.615602,,25.112619,,,,,22.078434,18.44536,19.582628,20.531359,21.460196,21.902742,,,,,,,,,,,,,,United Kingdom,CO2
ICES-XPS 1.0,PR_NDC_PriceOnly,GBR,Emissions|CO2|Energy|Demand|Residential and Commercial|Residential,Mt CO2/yr,,,,,,,,,,,,88.990173,,75.560722,,,,,65.705658,56.136604,58.111008,59.234859,60.317299,59.765556,,,,,,,,,,,,,,United Kingdom,CO2
ICES-XPS 1.0,PR_NDC_PriceOnly,GBR,Emissions|CO2|Energy|Demand|Transportation,Mt CO2/yr,,,,,,,,,,,,132.33771,,142.87669,,,,,130.01247,118.24278,122.4753,124.44197,126.25581,123.6089,,,,,,,,,,,,,,United Kingdom,CO2
ICES-XPS 1.0,PR_NDC_PriceOnly,GBR,Emissions|CO2|Energy|Supply,Mt CO2/yr,,,,,,,,,,,,135.0802,,121.94934,,,,,99.782387,75.786606,81.218834,86.448097,91.765999,95.966576,,,,,,,,,,,,,,United Kingdom,CO2
ICES-XPS 1.0,PR_NDC_PriceOnly,GBR,Emissions|CO2|Energy|Supply|Electricity,Mt CO2/yr,,,,,,,,,,,,113.25542,,104.95194,,,,,84.17186,61.906857,66.223259,70.262367,74.468613,77.51683,,,,,,,,,,,,,,United Kingdom,CO2
ICES-XPS 1.0,PR_NDC_PriceOnly,GBR,Emissions|CO2|Energy|Supply|Gases,Mt CO2/yr,,,,,,,,,,,,8.7134771,,6.9911003,,,,,6.9093595,6.2592621,7.1241779,8.1814966,9.4980507,11.161965,,,,,,,,,,,,,,United Kingdom,CO2
ICES-XPS 1.0,PR_NDC_PriceOnly,GBR,Emissions|CO2|Energy|Supply|Liquids,Mt CO2/yr,,,,,,,,,,,,13.095523,,9.9940939,,,,,8.6854134,7.6069102,7.8563943,7.986455,7.7784529,7.2630396,,,,,,,,,,,,,,United Kingdom,CO2
ICES-XPS 1.0,PR_NDC_PriceOnly,GBR,Emissions|CO2|Energy|Supply|Solids,Mt CO2/yr,,,,,,,,,,,,0.0157878716,,0.0122064119,,,,,0.0157546867,0.0135792429,0.0150025012,0.0177799128,0.0208808519,0.024739854,,,,,,,,,,,,,,United Kingdom,CO2
ICES-XPS 1.0,R,GBR,Emissions|CO2|Energy|Demand,Mt CO2/yr,,,,,,,,,,,,318.03506,,233.96513,,,,,212.24239,193.70673,,,,,,,,,,,,,,,,,,United Kingdom,CO2
ICES-XPS 1.0,R,GBR,Emissions|CO2|Energy|Demand|AFOFI,Mt CO2/yr,,,,,,,,,,,,1.0635395,,0.9619506,,,,,0.79215008,0.64646935,,,,,,,,,,,,,,,,,,United Kingdom,CO2
ICES-XPS 1.0,R,GBR,Emissions|CO2|Energy|Demand|Industry,Mt CO2/yr,,,,,,,,,,,,54.568066,,60.949322,,,,,59.405067,59.352619,,,,,,,,,,,,,,,,,,United Kingdom,CO2
ICES-XPS 1.0,R,GBR,Emissions|CO2|Energy|Demand|Residential and Commercial,Mt CO2/yr,,,,,,,,,,,,114.75802,,92.76828,,,,,80.113968,67.435555,,,,,,,,,,,,,,,,,,United Kingdom,CO2
ICES-XPS 1.0,R,GBR,Emissions|CO2|Energy|Demand|Residential and Commercial|Commercial,Mt CO2/yr,,,,,,,,,,,,25.693569,,21.436764,,,,,17.577557,13.944258,,,,,,,,,,,,,,,,,,United Kingdom,CO2
ICES-XPS 1.0,R,GBR,Emissions|CO2|Energy|Demand|Residential and Commercial|Residential,Mt CO2/yr,,,,,,,,,,,,89.064445,,71.33152,,,,,62.536407,53.491299,,,,,,,,,,,,,,,,,,United Kingdom,CO2
ICES-XPS 1.0,R,GBR,Emissions|CO2|Energy|Demand|Transportation,Mt CO2/yr,,,,,,,,,,,,147.64545,,79.285576,,,,,71.931198,66.272079,,,,,,,,,,,,,,,,,,United Kingdom,CO2
ICES-XPS 1.0,R,GBR,Emissions|CO2|Energy|Supply,Mt CO2/yr,,,,,,,,,,,,130.8279,,113.06035,,,,,104.90461,100.98688,,,,,,,,,,,,,,,,,,United Kingdom,CO2
ICES-XPS 1.0,R,GBR,Emissions|CO2|Energy|Supply|Electricity,Mt CO2/yr,,,,,,,,,,,,105.07755,,84.184929,,,,,82.116386,81.662697,,,,,,,,,,,,,,,,,,United Kingdom,CO2
ICES-XPS 1.0,R,GBR,Emissions|CO2|Energy|Supply|Gases,Mt CO2/yr,,,,,,,,,,,,9.4019899,,8.9587908,,,,,8.8116589,8.7194738,,,,,,,,,,,,,,,,,,United Kingdom,CO2
ICES-XPS 1.0,R,GBR,Emissions|CO2|Energy|Supply|Liquids,Mt CO2/yr,,,,,,,,,,,,16.331953,,19.901461,,,,,13.957251,10.580731,,,,,,,,,,,,,,,,,,United Kingdom,CO2
ICES-XPS 1.0,R,GBR,Emissions|CO2|Energy|Supply|Solids,Mt CO2/yr,,,,,,,,,,,,0.016412463,,0.0151707707,,,,,0.0193121023,0.0239771716,,,,,,,,,,,,,,,,,,United Kingdom,CO2
ICES-XPS 1.0,SH,GBR,Emissions|CO2|Energy|Demand,Mt CO2/yr,,,,,,,,,,,,318.03506,,233.96513,,,,,212.24239,193.70673,,,,,,,,,,,,,,,,,,United Kingdom,CO2
ICES-XPS 1.0,SH,GBR,Emissions|CO2|Energy|Demand|AFOFI,Mt CO2/yr,,,,,,,,,,,,1.0635395,,0.9619506,,,,,0.79215008,0.64646935,,,,,,,,,,,,,,,,,,United Kingdom,CO2
ICES-XPS 1.0,SH,GBR,Emissions|CO2|Energy|Demand|Industry,Mt CO2/yr,,,,,,,,,,,,54.568066,,60.949322,,,,,59.405067,59.352619,,,,,,,,,,,,,,,,,,United Kingdom,CO2
ICES-XPS 1.0,SH,GBR,Emissions|CO2|Energy|Demand|Residential and Commercial,Mt CO2/yr,,,,,,,,,,,,114.75802,,92.76828,,,,,80.113968,67.435555,,,,,,,,,,,,,,,,,,United Kingdom,CO2
ICES-XPS 1.0,SH,GBR,Emissions|CO2|Energy|Demand|Residential and Commercial|Commercial,Mt CO2/yr,,,,,,,,,,,,25.693569,,21.436764,,,,,17.577557,13.944258,,,,,,,,,,,,,,,,,,United Kingdom,CO2
ICES-XPS 1.0,SH,GBR,Emissions|CO2|Energy|Demand|Residential and Commercial|Residential,Mt CO2/yr,,,,,,,,,,,,89.064445,,71.33152,,,,,62.536407,53.491299,,,,,,,,,,,,,,,,,,United Kingdom,CO2
ICES-XPS 1.0,SH,GBR,Emissions|CO2|Energy|Demand|Transportation,Mt CO2/yr,,,,,,,,,,,,147.64545,,79.285576,,,,,71.931198,66.272079,,,,,,,,,,,,,,,,,,United Kingdom,CO2
ICES-XPS 1.0,SH,GBR,Emissions|CO2|Energy|Supply,Mt CO2/yr,,,,,,,,,,,,130.8279,,113.06035,,,,,104.90461,100.98688,,,,,,,,,,,,,,,,,,United Kingdom,CO2
ICES-XPS 1.0,SH,GBR,Emissions|CO2|Energy|Supply|Electricity,Mt CO2/yr,,,,,,,,,,,,105.07755,,84.184929,,,,,82.116386,81.662697,,,,,,,,,,,,,,,,,,United Kingdom,CO2
ICES-XPS 1.0,SH,GBR,Emissions|CO2|Energy|Supply|Gases,Mt CO2/yr,,,,,,,,,,,,9.4019899,,8.9587908,,,,,8.8116589,8.7194738,,,,,,,,,,,,,,,,,,United Kingdom,CO2
ICES-XPS 1.0,SH,GBR,Emissions|CO2|Energy|Supply|Liquids,Mt CO2/yr,,,,,,,,,,,,16.331953,,19.901461,,,,,13.957251,10.580731,,,,,,,,,,,,,,,,,,United Kingdom,CO2
ICES-XPS 1.0,SH,GBR,Emissions|CO2|Energy|Supply|Solids,Mt CO2/yr,,,,,,,,,,,,0.016412463,,0.0151707707,,,,,0.0193121023,0.0239771716,,,,,,,,,,,,,,,,,,United Kingdom,CO2
